index,site,x_line,p1_pin,wire_id,wire_color,wire_color_vi,color_rgb,skin_landmark,anatomical_region,placement_coordinates_status
0,L1,X0,3,W00,Black,Đen,000000,Lateral forehead,Frontalis region,PROVISIONAL_NOT_MEASURED
1,R1,X1,4,W01,Brown,Nâu,8B4513,Lateral forehead,Frontalis region,PROVISIONAL_NOT_MEASURED
2,L2,X2,5,W02,Red,Đỏ,D72626,Temple,Temporal / temporalis region,PROVISIONAL_NOT_MEASURED
3,R2,X3,6,W03,Orange,Cam,EE8C23,Temple,Temporal / temporalis region,PROVISIONAL_NOT_MEASURED
4,L3,X4,7,W04,Yellow,Vàng,F3D11B,Preauricular skin,Auricularis anterior / preauricular region,PROVISIONAL_NOT_MEASURED
5,R3,X5,8,W05,Green,Xanh lá,268A43,Preauricular skin,Auricularis anterior / preauricular region,PROVISIONAL_NOT_MEASURED
6,L4,X6,9,W06,Blue,Xanh biển,2463B4,Postauricular skin,Auricularis posterior / postauricular region,PROVISIONAL_NOT_MEASURED
7,R4,X7,10,W07,Violet,Tím,843AB5,Postauricular skin,Auricularis posterior / postauricular region,PROVISIONAL_NOT_MEASURED
8,L5,X8,11,W08,Gray,Xám,808080,Temporomandibular joint skin landmark,Temporomandibular Joint / TMJ,PROVISIONAL_NOT_MEASURED
9,R5,X9,12,W09,White,Trắng,FFFFFF,Temporomandibular joint skin landmark,Temporomandibular Joint / TMJ,PROVISIONAL_NOT_MEASURED
10,L6,X10,13,W10,Black,Đen,000000,Below mandibular angle,Inferior mandibular-angle region,PROVISIONAL_NOT_MEASURED
11,R6,X11,14,W11,Brown,Nâu,8B4513,Below mandibular angle,Inferior mandibular-angle region,PROVISIONAL_NOT_MEASURED
12,L7,X12,17,W12,Red,Đỏ,D72626,Mid inferior jaw border,Mid inferior mandibular-border region,PROVISIONAL_NOT_MEASURED
13,R7,X13,18,W13,Orange,Cam,EE8C23,Mid inferior jaw border,Mid inferior mandibular-border region,PROVISIONAL_NOT_MEASURED
14,L8,X14,19,W14,Yellow,Vàng,F3D11B,Anterior inferior jaw border,Anterior inferior mandibular-border region,PROVISIONAL_NOT_MEASURED
15,R8,X15,20,W15,Green,Xanh lá,268A43,Anterior inferior jaw border,Anterior inferior mandibular-border region,PROVISIONAL_NOT_MEASURED
