session,frequency_hz,task,label_provenance,n_common_patterns,rms_voltage_difference_counts,median_abs_relative_voltage_pct_common,median_signed_magnitude_change_pct_common,median_signed_phase_change_deg_common,n_patterns_ge50,median_abs_relative_voltage_pct_ge50,n_patterns_ge100,median_abs_relative_voltage_pct_ge100
session-1-20261005-10000Hz-600mV,10000,SMILE_LEFT,cue_assumed,66,4.277063154872655,1.6600472860817965,0.0,0.11333815469101435,73,1.8531562084654722,37,1.44068572620802
session-1-20261005-10000Hz-600mV,10000,SMILE_RIGHT,cue_assumed,66,4.01020333265419,1.7783667015104339,-0.5150409244029319,0.1584770971468703,73,1.8278756253377788,37,1.1952969139668086
session-1-20261005-10000Hz-600mV,10000,SMILE_BOTH,cue_assumed,66,6.869315832017043,3.5791878493372913,0.9930469601232672,0.12959942624298615,73,3.6453362838021426,37,2.953336755924468
session-1-20261005-10000Hz-600mV,10000,PUFF_LEFT,cue_assumed,66,7.080919649093829,3.1365129527244964,-0.49461685481921314,0.08568903448764459,73,3.0806783675785034,37,2.0993398614040646
session-1-20261005-10000Hz-600mV,10000,PUFF_RIGHT,cue_assumed,66,6.013206619280086,2.7236720100698926,-0.9632345688741883,0.05208349978480595,73,2.75032662068046,37,2.208630521496931
session-1-20261005-10000Hz-600mV,10000,PUFF_BOTH,cue_assumed,66,8.073282146400224,2.7706542458448524,-0.3249760640304522,0.07420046278931164,73,2.7605251570478124,37,1.858859994229576
session-2-20261005-50000Hz-600mV,50000,SMILE_LEFT,cue_assumed,66,5.530509783151863,2.5982445360496724,-0.08775068369558103,0.031950380029800204,82,2.981445994962807,41,2.20230128582257
session-2-20261005-50000Hz-600mV,50000,SMILE_RIGHT,cue_assumed,66,6.437196594791867,2.8773766358759936,-0.6826565645065508,0.006370470800316571,82,3.0462846690562397,41,1.9886965531777143
session-2-20261005-50000Hz-600mV,50000,SMILE_BOTH,cue_assumed,66,8.576297838542258,4.530105529140556,0.26861837776921416,0.16903861723876773,82,5.048648961957275,41,4.4990550813609405
session-2-20261005-50000Hz-600mV,50000,PUFF_LEFT,cue_assumed,66,8.76866141876416,3.837705890705124,-1.1628054658457287,-0.0880273470848896,82,3.837705890705124,41,3.7658495154786737
session-2-20261005-50000Hz-600mV,50000,PUFF_RIGHT,cue_assumed,66,7.890171588267754,3.349831641248497,-1.2081462868023474,-0.09746113471273364,82,3.6328460130545634,41,2.1105314459656364
session-2-20261005-50000Hz-600mV,50000,PUFF_BOTH,cue_assumed,66,10.196624630050566,3.725563848973313,-0.7601979147767335,-0.08478966463629492,82,3.787039931857463,41,2.787100016028084
session-3-20261005-80000Hz-600mV,80000,SMILE_LEFT,cue_assumed,66,4.007205049369486,2.164781828065001,0.0,0.07357051278778877,73,2.254030923600469,35,1.323773325465399
session-3-20261005-80000Hz-600mV,80000,SMILE_RIGHT,cue_assumed,66,4.54623682079687,2.3027692896349894,-0.39154268333913556,-0.007863818017293373,73,2.3782574707724704,35,1.7746509148999974
session-3-20261005-80000Hz-600mV,80000,SMILE_BOTH,cue_assumed,66,7.097196087730161,4.367881059680208,0.1998550221276929,0.10284701513465695,73,4.457893447634325,35,3.6110261304004347
session-3-20261005-80000Hz-600mV,80000,PUFF_LEFT,cue_assumed,66,7.473671736888718,4.460287914970938,-0.5312890341853782,0.06353653093207166,73,4.524470031791268,35,2.9968060693849194
session-3-20261005-80000Hz-600mV,80000,PUFF_RIGHT,cue_assumed,66,7.730745311865026,3.1445596979156543,-1.3064663905456741,0.06353653093207166,73,3.19928344075492,35,2.5408222923375634
session-3-20261005-80000Hz-600mV,80000,PUFF_BOTH,cue_assumed,66,8.84916336766885,2.5367321240633043,0.10383092224923729,0.08122917026793931,73,2.6059384613740253,35,1.9760376304381095
