event_id,event,trial_id,task,state,perf_counter_ns,utc,time_s,message,next_cue,next_task,remaining_s
0,SESSION_COUNTDOWN,,REST,,457441589678900,2026-10-05T05:58:33.783992+00:00,0.0063939,Get into the resting pose. Follow the timer and task cues; no video is required.,,,
1,CUE_WARNING,,REST,,457448599757700,2026-10-05T05:58:40.797831+00:00,7.0164727,Prepare initial REST baseline; keep relaxed.,STATE_CUE,REST,3.0
2,STATE_CUE,T001,REST,transition,457451614227100,2026-10-05T05:58:43.811973+00:00,10.0309421,"Remain relaxed. Keep the same resting head, jaw and lip pose.",,,
3,PHASE_START,T001,REST,task,457451627476700,2026-10-05T05:58:43.823414+00:00,10.0441917,"Remain relaxed. Keep the same resting head, jaw and lip pose.",,,
4,CUE_WARNING,T001,REST,task,457469396656800,2026-10-05T05:59:01.589436+00:00,27.8133718,Prepare for the next cue; keep the current pose until the cue changes.,STATE_CUE,SMILE_LEFT,3.0
5,PHASE_END,T001,REST,task,457472397242400,2026-10-05T05:59:04.594867+00:00,30.8139574,,,,
6,STATE_END,T001,REST,task,457472397378400,2026-10-05T05:59:04.594867+00:00,30.8140934,,,,
7,STATE_CUE,T002,SMILE_LEFT,transition,457472397607200,2026-10-05T05:59:04.594867+00:00,30.8143222,Smile with the LEFT mouth corner; keep your head still.,,,
8,PHASE_START,T002,SMILE_LEFT,task,457474423320800,2026-10-05T05:59:06.619192+00:00,32.8400358,Smile with the LEFT mouth corner; keep your head still.,,,
9,CUE_WARNING,T002,SMILE_LEFT,task,457492234679600,2026-10-05T05:59:24.429320+00:00,50.6513946,Prepare for the next cue; keep the current pose until the cue changes.,STATE_CUE,SMILE_RIGHT,3.0
10,PHASE_END,T002,SMILE_LEFT,task,457495240458700,2026-10-05T05:59:27.438219+00:00,53.6571737,,,,
11,STATE_END,T002,SMILE_LEFT,task,457495240571600,2026-10-05T05:59:27.438219+00:00,53.6572866,,,,
12,STATE_CUE,T003,SMILE_RIGHT,transition,457495240639500,2026-10-05T05:59:27.438219+00:00,53.6573545,Smile with the RIGHT mouth corner; keep your head still.,,,
13,PHASE_START,T003,SMILE_RIGHT,task,457497254340300,2026-10-05T05:59:29.451518+00:00,55.6710553,Smile with the RIGHT mouth corner; keep your head still.,,,
14,CUE_WARNING,T003,SMILE_RIGHT,task,457515062524100,2026-10-05T05:59:47.259170+00:00,73.4792391,Prepare for the next cue; keep the current pose until the cue changes.,STATE_CUE,SMILE_BOTH,3.0
15,PHASE_END,T003,SMILE_RIGHT,task,457518063892100,2026-10-05T05:59:50.261404+00:00,76.4806071,,,,
16,STATE_END,T003,SMILE_RIGHT,task,457518064119300,2026-10-05T05:59:50.261404+00:00,76.4808343,,,,
17,STATE_CUE,T004,SMILE_BOTH,transition,457518064206000,2026-10-05T05:59:50.262405+00:00,76.480921,Smile with BOTH mouth corners; keep your head still.,,,
18,PHASE_START,T004,SMILE_BOTH,task,457520091622800,2026-10-05T05:59:52.289679+00:00,78.5083378,Smile with BOTH mouth corners; keep your head still.,,,
19,CUE_WARNING,T004,SMILE_BOTH,task,457537914786300,2026-10-05T06:00:10.109229+00:00,96.3315013,Prepare for the next cue; keep the current pose until the cue changes.,STATE_CUE,PUFF_LEFT,3.0
20,PHASE_END,T004,SMILE_BOTH,task,457540915958100,2026-10-05T06:00:13.113357+00:00,99.3326731,,,,
21,STATE_END,T004,SMILE_BOTH,task,457540916255400,2026-10-05T06:00:13.113357+00:00,99.3329704,,,,
22,STATE_CUE,T005,PUFF_LEFT,transition,457540916425000,2026-10-05T06:00:13.113357+00:00,99.33314,Gently inflate the LEFT cheek with air; do not blow out.,,,
23,PHASE_START,T005,PUFF_LEFT,task,457542935391700,2026-10-05T06:00:15.133171+00:00,101.3521067,Gently inflate the LEFT cheek with air; do not blow out.,,,
24,CUE_WARNING,T005,PUFF_LEFT,task,457560779675500,2026-10-05T06:00:32.970033+00:00,119.1963905,Prepare for the next cue; keep the current pose until the cue changes.,STATE_CUE,PUFF_RIGHT,3.0
25,PHASE_END,T005,PUFF_LEFT,task,457563801439700,2026-10-05T06:00:35.999206+00:00,122.2181547,,,,
26,STATE_END,T005,PUFF_LEFT,task,457563801642000,2026-10-05T06:00:35.999206+00:00,122.218357,,,,
27,STATE_CUE,T006,PUFF_RIGHT,transition,457563802164100,2026-10-05T06:00:35.999206+00:00,122.2188791,Gently inflate the RIGHT cheek with air; do not blow out.,,,
28,PHASE_START,T006,PUFF_RIGHT,task,457565821327000,2026-10-05T06:00:38.019270+00:00,124.238042,Gently inflate the RIGHT cheek with air; do not blow out.,,,
29,CUE_WARNING,T006,PUFF_RIGHT,task,457583675674600,2026-10-05T06:00:55.869712+00:00,142.0923896,Prepare for the next cue; keep the current pose until the cue changes.,STATE_CUE,PUFF_BOTH,3.0
30,PHASE_END,T006,PUFF_RIGHT,task,457586676787500,2026-10-05T06:00:58.874491+00:00,145.0935025,,,,
31,STATE_END,T006,PUFF_RIGHT,task,457586677017900,2026-10-05T06:00:58.874491+00:00,145.0937329,,,,
32,STATE_CUE,T007,PUFF_BOTH,transition,457586677149400,2026-10-05T06:00:58.874491+00:00,145.0938644,Gently inflate BOTH cheeks with air; do not blow out.,,,
33,PHASE_START,T007,PUFF_BOTH,task,457588702534100,2026-10-05T06:01:00.899703+00:00,147.1192491,Gently inflate BOTH cheeks with air; do not blow out.,,,
34,CUE_WARNING,T007,PUFF_BOTH,task,457606483594000,2026-10-05T06:01:18.679247+00:00,164.900309,Prepare for the next cue; keep the current pose until the cue changes.,SESSION_END,DONE,3.0
35,PHASE_END,T007,PUFF_BOTH,task,457609491265500,2026-10-05T06:01:21.689161+00:00,167.9079805,,,,
36,STATE_END,T007,PUFF_BOTH,task,457609492591100,2026-10-05T06:01:21.690695+00:00,167.9093061,,,,
37,SESSION_END,,REST,,457609492726100,2026-10-05T06:01:21.690695+00:00,167.9094411,Recording complete. Return to REST and review acquisition QC/trial compliance.,,,
