,1st Electrode,2nd Electrode,F+,F-,S+,S-,Real 1,Imaginary 1,Results
1,E0,E1,0,1,1,0,-21700.353515625,-42513.7421875,
,R26_C56_C57,R24_C54_C56,,,,,,,Amplitude
2,E0,E2,0,2,2,0,9832.32421875,-48075.75390625,100 mV
,R26_C56_C57,R22_C52_C54,,,,,,,Frequency
3,E1,E2,1,2,2,1,9832.32421875,-48075.75390625,10000 Hz
,R24_C54_C56,R22_C52_C54,,,,,,,Baud Rate
4,E0,E3,0,3,3,0,3010.1767578125,-44584.5,230400
,R26_C56_C57,R18_C50_C52,,,,,,,
5,E1,E3,1,3,3,1,9832.32421875,-48075.75390625,
,R24_C54_C56,R18_C50_C52,,,,,,,
6,E2,E3,2,3,3,2,-670.9847412109375,351.0210876464844,
,R22_C52_C54,R18_C50_C52,,,,,,,
7,E0,E4,0,4,4,0,-28547.33203125,-55058.9609375,
,R26_C56_C57,R16_C48_C50,,,,,,,
8,E1,E4,1,4,4,1,-25069.076171875,-40424.65625,
,R24_C54_C56,R16_C48_C50,,,,,,,
9,E2,E4,2,4,4,2,16060.8408203125,-86920.2421875,
,R22_C52_C54,R16_C48_C50,,,,,,,
10,E3,E4,3,4,4,3,102981.0859375,-70859.40625,
,R18_C50_C52,R16_C48_C50,,,,,,,
11,E0,E5,0,5,5,0,-25069.076171875,-40424.65625,
,R26_C56_C57,R14_C46_C48,,,,,,,
12,E1,E5,1,5,5,1,-28547.33203125,-55058.9609375,
,R24_C54_C56,R14_C46_C48,,,,,,,
13,E2,E5,2,5,5,2,16060.8408203125,-86920.2421875,
,R22_C52_C54,R14_C46_C48,,,,,,,
14,E3,E5,3,5,5,3,-70689.7578125,-91425.6484375,
,R18_C50_C52,R14_C46_C48,,,,,,,
15,E4,E5,4,5,5,4,7728.6025390625,132802.703125,
,R16_C48_C50,R14_C46_C48,,,,,,,
16,E0,E6,0,6,6,0,-35005.59765625,-22601.94921875,
,R26_C56_C57,R12_C44_C46,,,,,,,
17,E1,E6,1,6,6,1,-32296.650390625,-23321.59765625,
,R24_C54_C56,R12_C44_C46,,,,,,,
18,E2,E6,2,6,6,2,16060.8408203125,-86920.2421875,
,R22_C52_C54,R12_C44_C46,,,,,,,
19,E3,E6,3,6,6,3,-70859.40625,-102981.0859375,
,R18_C50_C52,R12_C44_C46,,,,,,,
20,E4,E6,4,6,6,4,-42074.5703125,-31744.513671875,
,R16_C48_C50,R12_C44_C46,,,,,,,
21,E5,E6,5,6,6,5,-30307.349609375,-26750.19140625,
,R14_C46_C48,R12_C44_C46,,,,,,,
22,E0,E7,0,7,7,0,-32296.650390625,-23321.59765625,
,R26_C56_C57,R10_C42_C44,,,,,,,
23,E1,E7,1,7,7,1,-32296.650390625,-23321.59765625,
,R24_C54_C56,R10_C42_C44,,,,,,,
24,E2,E7,2,7,7,2,,,
,R22_C52_C54,R10_C42_C44,,,,,,,
25,E3,E7,3,7,7,3,-70689.7578125,-91425.6484375,
,R18_C50_C52,R10_C42_C44,,,,,,,
26,E4,E7,4,7,7,4,-30307.349609375,-26750.19140625,
,R16_C48_C50,R10_C42_C44,,,,,,,
27,E5,E7,5,7,7,5,-30307.349609375,-26750.19140625,
,R14_C46_C48,R10_C42_C44,,,,,,,
28,E6,E7,6,7,7,6,-23110.341796875,-20902.3203125,
,R12_C44_C46,R10_C42_C44,,,,,,,
29,E0,E8,0,8,8,0,3010.1767578125,-44584.5,
,R26_C56_C57,R8_C40_C42,,,,,,,
30,E1,E8,1,8,8,1,9832.32421875,-48075.75390625,
,R24_C54_C56,R8_C40_C42,,,,,,,
31,E2,E8,2,8,8,2,10198.30078125,-92613.140625,
,R22_C52_C54,R8_C40_C42,,,,,,,
32,E3,E8,3,8,8,3,10198.30078125,-92613.140625,
,R18_C50_C52,R8_C40_C42,,,,,,,
33,E4,E8,4,8,8,4,9192.5087890625,-45346.84765625,
,R16_C48_C50,R8_C40_C42,,,,,,,
34,E5,E8,5,8,8,5,9192.5087890625,-45346.84765625,
,R14_C46_C48,R8_C40_C42,,,,,,,
35,E6,E8,6,8,8,6,4402.82568359375,-45732.546875,
,R12_C44_C46,R8_C40_C42,,,,,,,
36,E7,E8,7,8,8,7,4402.82568359375,-45732.546875,
,R10_C42_C44,R8_C40_C42,,,,,,,
37,E0,E9,0,9,9,0,8787.7802734375,-49760.11328125,
,R26_C56_C57,R9_C38_C40,,,,,,,
38,E1,E9,1,9,9,1,9832.32421875,-48075.75390625,
,R24_C54_C56,R9_C38_C40,,,,,,,
39,E2,E9,2,9,9,2,-82414.84375,-102811.4453125,
,R22_C52_C54,R9_C38_C40,,,,,,,
40,E3,E9,3,9,9,3,10198.30078125,-92613.140625,
,R18_C50_C52,R9_C38_C40,,,,,,,
41,E4,E9,4,9,9,4,9192.5087890625,-45346.84765625,
,R16_C48_C50,R9_C38_C40,,,,,,,
42,E5,E9,5,9,9,5,9192.5087890625,-45346.84765625,
,R14_C46_C48,R9_C38_C40,,,,,,,
43,E6,E9,6,9,9,6,4402.82568359375,-45732.546875,
,R12_C44_C46,R9_C38_C40,,,,,,,
44,E7,E9,7,9,9,7,6943.5234375,-45487.9453125,
,R10_C42_C44,R9_C38_C40,,,,,,,
45,E8,E9,8,9,9,8,-696.7665405273438,1665.3243408203125,
,R8_C40_C42,R9_C38_C40,,,,,,,
46,E0,E10,0,10,10,0,-27953.5859375,-14614.927734375,
,R26_C56_C57,R4_C36_C38,,,,,,,
47,E1,E10,1,10,10,1,-30247.70703125,-13425.4560546875,
,R24_C54_C56,R4_C36_C38,,,,,,,
48,E2,E10,2,10,10,2,,,
,R22_C52_C54,R4_C36_C38,,,,,,,
49,E3,E10,3,10,10,3,16060.8408203125,-86920.2421875,
,R18_C50_C52,R4_C36_C38,,,,,,,
50,E4,E10,4,10,10,4,-36652.86328125,-13687.0517578125,
,R16_C48_C50,R4_C36_C38,,,,,,,
51,E5,E10,5,10,10,5,-36652.86328125,-13687.0517578125,
,R14_C46_C48,R4_C36_C38,,,,,,,
52,E6,E10,6,10,10,6,-20958.119140625,-10479.7197265625,
,R12_C44_C46,R4_C36_C38,,,,,,,
53,E7,E10,7,10,10,7,-20958.119140625,-10479.7197265625,
,R10_C42_C44,R4_C36_C38,,,,,,,
54,E8,E10,8,10,10,8,-70859.40625,-102981.0859375,
,R8_C40_C42,R4_C36_C38,,,,,,,
55,E9,E10,9,10,10,9,,,
,R9_C38_C40,R4_C36_C38,,,,,,,
56,E0,E11,0,11,11,0,-29058.236328125,-11131.33203125,
,R26_C56_C57,R2_C29_C36,,,,,,,
57,E1,E11,1,11,11,1,-30247.70703125,-13425.4560546875,
,R24_C54_C56,R2_C29_C36,,,,,,,
58,E2,E11,2,11,11,2,-82245.1953125,-91256.0078125,
,R22_C52_C54,R2_C29_C36,,,,,,,
59,E3,E11,3,11,11,3,-82245.1953125,-91256.0078125,
,R18_C50_C52,R2_C29_C36,,,,,,,
60,E4,E11,4,11,11,4,-36652.86328125,-13687.0517578125,
,R16_C48_C50,R2_C29_C36,,,,,,,
61,E5,E11,5,11,11,5,-38469.76953125,-16327.5927734375,
,R14_C46_C48,R2_C29_C36,,,,,,,
62,E6,E11,6,11,11,6,-20165.138671875,-8950.3046875,
,R12_C44_C46,R2_C29_C36,,,,,,,
63,E7,E11,7,11,11,7,-21875.427734375,-6346.888671875,
,R10_C42_C44,R2_C29_C36,,,,,,,
64,E8,E11,8,11,11,8,4505.4033203125,-86750.6015625,
,R8_C40_C42,R2_C29_C36,,,,,,,
65,E9,E11,9,11,11,9,-70689.7578125,-91425.6484375,
,R9_C38_C40,R2_C29_C36,,,,,,,
66,E10,E11,10,11,11,10,-17004.328125,-7055.84716796875,
,R4_C36_C38,R2_C29_C36,,,,,,,
67,E0,E12,0,12,12,0,-28547.33203125,-55058.9609375,
,R26_C56_C57,R1_C29_C33,,,,,,,
68,E1,E12,1,12,12,1,-14142.259765625,-54914.80859375,
,R24_C54_C56,R1_C29_C33,,,,,,,
69,E2,E12,2,12,12,2,-70859.40625,-102981.0859375,
,R22_C52_C54,R1_C29_C33,,,,,,,
70,E3,E12,3,12,12,3,16060.8408203125,-86920.2421875,
,R18_C50_C52,R1_C29_C33,,,,,,,
71,E4,E12,4,12,12,4,-25063.736328125,-53954.3046875,
,R16_C48_C50,R1_C29_C33,,,,,,,
72,E5,E12,5,12,12,5,-23959.0859375,-57437.90234375,
,R14_C46_C48,R1_C29_C33,,,,,,,
73,E6,E12,6,12,12,6,-29247.25390625,-47162.09765625,
,R12_C44_C46,R1_C29_C33,,,,,,,
74,E7,E12,7,12,12,7,-16890.109375,-48295.3359375,
,R10_C42_C44,R1_C29_C33,,,,,,,
75,E8,E12,8,12,12,8,16060.8408203125,-86920.2421875,
,R8_C40_C42,R1_C29_C33,,,,,,,
76,E9,E12,9,12,12,9,-70689.7578125,-91425.6484375,
,R9_C38_C40,R1_C29_C33,,,,,,,
77,E10,E12,10,12,12,10,-26841.80078125,-41836.8359375,
,R4_C36_C38,R1_C29_C33,,,,,,,
78,E11,E12,11,12,12,11,-26841.80078125,-41836.8359375,
,R2_C29_C36,R1_C29_C33,,,,,,,
79,E0,E13,0,13,13,0,-28547.33203125,-55058.9609375,
,R26_C56_C57,R3_C33_C37,,,,,,,
80,E1,E13,1,13,13,1,-28547.33203125,-55058.9609375,
,R24_C54_C56,R3_C33_C37,,,,,,,
81,E2,E13,2,13,13,2,-70859.40625,-102981.0859375,
,R22_C52_C54,R3_C33_C37,,,,,,,
82,E3,E13,3,13,13,3,16060.8408203125,-86920.2421875,
,R18_C50_C52,R3_C33_C37,,,,,,,
83,E4,E13,4,13,13,4,-23959.0859375,-57437.90234375,
,R16_C48_C50,R3_C33_C37,,,,,,,
84,E5,E13,5,13,13,5,-23959.0859375,-57437.90234375,
,R14_C46_C48,R3_C33_C37,,,,,,,
85,E6,E13,6,13,13,6,-16890.109375,-48295.3359375,
,R12_C44_C46,R3_C33_C37,,,,,,,
86,E7,E13,7,13,13,7,-25436.7109375,-36967.56640625,
,R10_C42_C44,R3_C33_C37,,,,,,,
87,E8,E13,8,13,13,8,-70859.40625,-102981.0859375,
,R8_C40_C42,R3_C33_C37,,,,,,,
88,E9,E13,9,13,13,9,10367.943359375,-81057.703125,
,R9_C38_C40,R3_C33_C37,,,,,,,
89,E10,E13,10,13,13,10,-24613.078125,-41425.01953125,
,R4_C36_C38,R3_C33_C37,,,,,,,
90,E11,E13,11,13,13,11,-25024.890625,-39196.29296875,
,R2_C29_C36,R3_C33_C37,,,,,,,
91,E12,E13,12,13,13,12,,,
,R1_C29_C33,R3_C33_C37,,,,,,,
92,E0,E14,0,14,14,0,1862.128662109375,-45977.1484375,
,R26_C56_C57,R5_C37_C39,,,,,,,
93,E1,E14,1,14,14,1,8787.7802734375,-49760.11328125,
,R24_C54_C56,R5_C37_C39,,,,,,,
94,E2,E14,2,14,14,2,-82414.84375,-102811.4453125,
,R22_C52_C54,R5_C37_C39,,,,,,,
95,E3,E14,3,14,14,3,10198.30078125,-92613.140625,
,R18_C50_C52,R5_C37_C39,,,,,,,
96,E4,E14,4,14,14,4,9192.5087890625,-45346.84765625,
,R16_C48_C50,R5_C37_C39,,,,,,,
97,E5,E14,5,14,14,5,8147.96337890625,-47031.20703125,
,R14_C46_C48,R5_C37_C39,,,,,,,
98,E6,E14,6,14,14,6,5795.4755859375,-46880.59375,
,R12_C44_C46,R5_C37_C39,,,,,,,
99,E7,E14,7,14,14,7,527.8682250976562,-42772.0859375,
,R10_C42_C44,R5_C37_C39,,,,,,,
100,E8,E14,8,14,14,8,10198.30078125,-92613.140625,
,R8_C40_C42,R5_C37_C39,,,,,,,
101,E9,E14,9,14,14,9,10198.30078125,-92613.140625,
,R9_C38_C40,R5_C37_C39,,,,,,,
102,E10,E14,10,14,14,10,1666.44775390625,-43944.58984375,
,R4_C36_C38,R5_C37_C39,,,,,,,
103,E11,E14,11,14,14,11,2838.955810546875,-42806.015625,
,R2_C29_C36,R5_C37_C39,,,,,,,
104,E12,E14,12,14,14,12,7508.1484375,-44302.30078125,
,R1_C29_C33,R5_C37_C39,,,,,,,
105,E13,E14,13,14,14,13,9192.5087890625,-45346.84765625,
,R3_C33_C37,R5_C37_C39,,,,,,,
106,E0,E15,0,15,15,0,1862.128662109375,-45977.1484375,
,R26_C56_C57,R7_C39_C41,,,,,,,
107,E1,E15,1,15,15,1,1862.128662109375,-45977.1484375,
,R24_C54_C56,R7_C39_C41,,,,,,,
108,E2,E15,2,15,15,2,-82414.84375,-102811.4453125,
,R22_C52_C54,R7_C39_C41,,,,,,,
109,E3,E15,3,15,15,3,-82414.84375,-102811.4453125,
,R18_C50_C52,R7_C39_C41,,,,,,,
110,E4,E15,4,15,15,4,9192.5087890625,-45346.84765625,
,R16_C48_C50,R7_C39_C41,,,,,,,
111,E5,E15,5,15,15,5,8147.96337890625,-47031.20703125,
,R14_C46_C48,R7_C39_C41,,,,,,,
112,E6,E15,6,15,15,6,4402.82568359375,-45732.546875,
,R12_C44_C46,R7_C39_C41,,,,,,,
113,E7,E15,7,15,15,7,527.8682250976562,-42772.0859375,
,R10_C42_C44,R7_C39_C41,,,,,,,
114,E8,E15,8,15,15,8,10198.30078125,-92613.140625,
,R8_C40_C42,R7_C39_C41,,,,,,,
115,E9,E15,9,15,15,9,10198.30078125,-92613.140625,
,R9_C38_C40,R7_C39_C41,,,,,,,
116,E10,E15,10,15,15,10,8336.171875,-46635.9921875,
,R4_C36_C38,R7_C39_C41,,,,,,,
117,E11,E15,11,15,15,11,8336.171875,-46635.9921875,
,R2_C29_C36,R7_C39_C41,,,,,,,
118,E12,E15,12,15,15,12,9192.5087890625,-45346.84765625,
,R1_C29_C33,R7_C39_C41,,,,,,,
119,E13,E15,13,15,15,13,7508.1484375,-44302.30078125,
,R3_C33_C37,R7_C39_C41,,,,,,,
120,E14,E15,14,15,15,14,-2591.98583984375,20264.42578125,
,R5_C37_C39,R7_C39_C41,,,,,,,
