algorithm,freq_hz,task,n_patterns_used,left_energy_fraction,lower_energy_fraction,image_to_noise
BP,10000,SMILE_LEFT,73,0.8431821806826373,0.9352728403772589,3.728375605556601
JAC,10000,SMILE_LEFT,73,0.7456223568325118,0.800196955905653,0.8983007008965589
GREIT,10000,SMILE_LEFT,73,0.7321657325384604,0.8163908173219396,1.4940834141796115
BP,10000,SMILE_RIGHT,73,0.07815042126439958,0.9031311374129415,4.927019209066987
JAC,10000,SMILE_RIGHT,73,0.24415037573476306,0.8455023536946166,1.0520427680949511
GREIT,10000,SMILE_RIGHT,73,0.17486755603469356,0.8489328362577453,2.2169482530317417
BP,10000,SMILE_BOTH,73,0.5175859111892034,0.9513090609500837,8.818868125554348
JAC,10000,SMILE_BOTH,73,0.42975095951610154,0.9134983076900708,1.5468848267177522
GREIT,10000,SMILE_BOTH,73,0.47963001753584517,0.888861113541005,3.548328847476179
BP,10000,PUFF_LEFT,73,0.7393367217506203,0.9422116753102621,6.183088561225483
JAC,10000,PUFF_LEFT,73,0.8459281943322702,0.8285644728355122,2.099319448649487
GREIT,10000,PUFF_LEFT,73,0.9430732765730067,0.8423587610255152,2.709301957539905
BP,10000,PUFF_RIGHT,73,0.2611250232411108,0.9255786616300081,5.468497635360545
JAC,10000,PUFF_RIGHT,73,0.15823954954834782,0.8327988880862157,2.8562944617702937
GREIT,10000,PUFF_RIGHT,73,0.06646971795917754,0.8152625411882225,2.759288858022338
BP,10000,PUFF_BOTH,73,0.5173067097300182,0.9767269827913114,10.20041375466411
JAC,10000,PUFF_BOTH,73,0.34102490424931364,0.870821874647821,3.303352367823077
GREIT,10000,PUFF_BOTH,73,0.5083126502442086,0.9363622488444133,4.305151115899085
BP,50000,SMILE_LEFT,82,0.760226495708369,0.9578880791065064,6.40014954655327
JAC,50000,SMILE_LEFT,82,0.6646591933597836,0.8208876611793982,1.7779551871095072
GREIT,50000,SMILE_LEFT,82,0.7196060556129922,0.8926785754267903,2.244481107224439
BP,50000,SMILE_RIGHT,82,0.18291725042054133,0.7906071678774476,8.212187862278316
JAC,50000,SMILE_RIGHT,82,0.10596676312844461,0.4244604229980501,2.5758278475024423
GREIT,50000,SMILE_RIGHT,82,0.18657727575700064,0.6794971635422973,3.73725612548039
BP,50000,SMILE_BOTH,82,0.4687146007695795,0.8676032023971874,11.59986326758951
JAC,50000,SMILE_BOTH,82,0.2665159161703671,0.6545875013971543,3.275555978480574
GREIT,50000,SMILE_BOTH,82,0.39545362713102683,0.7208867473936466,4.789707635911797
BP,50000,PUFF_LEFT,82,0.7072377604081811,0.8923503764626515,8.554809036379968
JAC,50000,PUFF_LEFT,82,0.7116625785504512,0.7834276553673821,2.5830908062712834
GREIT,50000,PUFF_LEFT,82,0.6969544102160803,0.6912118917098987,3.4710977530234057
BP,50000,PUFF_RIGHT,82,0.23321172312480584,0.8627797280258566,7.03561831149922
JAC,50000,PUFF_RIGHT,82,0.16329778208376244,0.8170602663094164,2.3498237962965924
GREIT,50000,PUFF_RIGHT,82,0.13915595948732246,0.7814686391430382,3.3300640311132215
BP,50000,PUFF_BOTH,82,0.5416167333662391,0.9657879202564215,11.802907371643974
JAC,50000,PUFF_BOTH,82,0.4126400078536909,0.8544899916199258,3.1677768566556628
GREIT,50000,PUFF_BOTH,82,0.42748425676062735,0.8889346672159338,4.71402644190011
BP,80000,SMILE_LEFT,73,0.8037271355688194,0.9307555791196739,3.1599187372052353
JAC,80000,SMILE_LEFT,73,0.6902119710376629,0.8345013033565223,1.8151824085662394
GREIT,80000,SMILE_LEFT,73,0.7297136574238349,0.815948032732748,1.8585289098578126
BP,80000,SMILE_RIGHT,73,0.11774382446443413,0.7803744807483712,6.36498309814254
JAC,80000,SMILE_RIGHT,73,0.1239668965373356,0.6238290879975052,2.2968241924245603
GREIT,80000,SMILE_RIGHT,73,0.10235927033300124,0.6916082776683866,2.6021494814739827
BP,80000,SMILE_BOTH,73,0.4060777865337515,0.7753842174374554,9.892149093542669
JAC,80000,SMILE_BOTH,73,0.36404816086940744,0.6527687317629173,3.843912034826413
GREIT,80000,SMILE_BOTH,73,0.3122816067537574,0.5875055000727953,4.418432561744353
BP,80000,PUFF_LEFT,73,0.6697302464508696,0.8465137485347589,6.929945610084906
JAC,80000,PUFF_LEFT,73,0.6778803936858073,0.7622332152708503,3.0041354579942325
GREIT,80000,PUFF_LEFT,73,0.7395638570611186,0.6453032223658849,2.944228898188411
BP,80000,PUFF_RIGHT,73,0.20007407027905666,0.9439700034943788,7.981894588747576
JAC,80000,PUFF_RIGHT,73,0.18111799413919244,0.8118851408140125,2.2638521614979292
GREIT,80000,PUFF_RIGHT,73,0.16236721554429312,0.9100379407945745,4.0356354446522475
BP,80000,PUFF_BOTH,73,0.4644425682308113,0.9844507572173912,11.527855503846371
JAC,80000,PUFF_BOTH,73,0.5203672229597561,0.8780047912307624,3.254107481789903
GREIT,80000,PUFF_BOTH,73,0.39680558538887933,0.9499119095284098,5.169994019338598
