algorithm,task,freq_a_hz,freq_b_hz,image_corr
BP,SMILE_LEFT,10000,50000,0.7709401212877001
BP,SMILE_LEFT,10000,80000,0.9143345815968814
BP,SMILE_LEFT,50000,80000,0.8019774765700216
JAC,SMILE_LEFT,10000,50000,0.6417852434522787
JAC,SMILE_LEFT,10000,80000,0.5898309021090081
JAC,SMILE_LEFT,50000,80000,0.644239797539787
GREIT,SMILE_LEFT,10000,50000,0.8069241184677541
GREIT,SMILE_LEFT,10000,80000,0.8124434450091956
GREIT,SMILE_LEFT,50000,80000,0.6805251135668946
BP,SMILE_RIGHT,10000,50000,0.8710499316629394
BP,SMILE_RIGHT,10000,80000,0.9151309189459632
BP,SMILE_RIGHT,50000,80000,0.9665186143889656
JAC,SMILE_RIGHT,10000,50000,0.49217153654560714
JAC,SMILE_RIGHT,10000,80000,0.6290110455951503
JAC,SMILE_RIGHT,50000,80000,0.6427171534266455
GREIT,SMILE_RIGHT,10000,50000,0.8357830917779115
GREIT,SMILE_RIGHT,10000,80000,0.811617354967322
GREIT,SMILE_RIGHT,50000,80000,0.9276612310622026
BP,SMILE_BOTH,10000,50000,0.9490313124610933
BP,SMILE_BOTH,10000,80000,0.9265315903941255
BP,SMILE_BOTH,50000,80000,0.9736604491640287
JAC,SMILE_BOTH,10000,50000,0.6763351416930173
JAC,SMILE_BOTH,10000,80000,0.5669037158163873
JAC,SMILE_BOTH,50000,80000,0.7175742553664461
GREIT,SMILE_BOTH,10000,50000,0.8990062813420061
GREIT,SMILE_BOTH,10000,80000,0.693132297965157
GREIT,SMILE_BOTH,50000,80000,0.8590442551957188
BP,PUFF_LEFT,10000,50000,0.9553977853670724
BP,PUFF_LEFT,10000,80000,0.9452510265136721
BP,PUFF_LEFT,50000,80000,0.9843259611339371
JAC,PUFF_LEFT,10000,50000,0.6309103592405836
JAC,PUFF_LEFT,10000,80000,0.5697169459619014
JAC,PUFF_LEFT,50000,80000,0.8773727945576886
GREIT,PUFF_LEFT,10000,50000,0.8150384565503428
GREIT,PUFF_LEFT,10000,80000,0.844903020029675
GREIT,PUFF_LEFT,50000,80000,0.9454722766069255
BP,PUFF_RIGHT,10000,50000,0.9365098133228437
BP,PUFF_RIGHT,10000,80000,0.9408013473694881
BP,PUFF_RIGHT,50000,80000,0.9761928049031031
JAC,PUFF_RIGHT,10000,50000,0.8083419149330794
JAC,PUFF_RIGHT,10000,80000,0.3064407771003922
JAC,PUFF_RIGHT,50000,80000,0.5853111197256738
GREIT,PUFF_RIGHT,10000,50000,0.9010847716275336
GREIT,PUFF_RIGHT,10000,80000,0.8242395290326296
GREIT,PUFF_RIGHT,50000,80000,0.9297005316535032
BP,PUFF_BOTH,10000,50000,0.9687391426540677
BP,PUFF_BOTH,10000,80000,0.9572029945819224
BP,PUFF_BOTH,50000,80000,0.9817941016391967
JAC,PUFF_BOTH,10000,50000,0.8178943094453345
JAC,PUFF_BOTH,10000,80000,0.2800949910822611
JAC,PUFF_BOTH,50000,80000,0.6202724424919153
GREIT,PUFF_BOTH,10000,50000,0.936300854024066
GREIT,PUFF_BOTH,10000,80000,0.8807609821430714
GREIT,PUFF_BOTH,50000,80000,0.9394293319558669
