freq_hz,task,algo_a,algo_b,image_corr
10000,SMILE_LEFT,BP,JAC,0.3800122190381808
10000,SMILE_LEFT,BP,GREIT,0.5793010956821498
10000,SMILE_LEFT,JAC,GREIT,0.6686271819295331
50000,SMILE_LEFT,BP,JAC,0.3274977396389989
50000,SMILE_LEFT,BP,GREIT,0.7230553826322571
50000,SMILE_LEFT,JAC,GREIT,0.5850008988955594
80000,SMILE_LEFT,BP,JAC,0.24611274950718925
80000,SMILE_LEFT,BP,GREIT,0.4012095218799396
80000,SMILE_LEFT,JAC,GREIT,0.7139421867820653
10000,SMILE_RIGHT,BP,JAC,0.45002677066245916
10000,SMILE_RIGHT,BP,GREIT,0.572589680165619
10000,SMILE_RIGHT,JAC,GREIT,0.7387122418188276
50000,SMILE_RIGHT,BP,JAC,0.30097276204894235
50000,SMILE_RIGHT,BP,GREIT,0.6274290634914089
50000,SMILE_RIGHT,JAC,GREIT,0.6014203022232676
80000,SMILE_RIGHT,BP,JAC,0.24091580248011243
80000,SMILE_RIGHT,BP,GREIT,0.5189876716633013
80000,SMILE_RIGHT,JAC,GREIT,0.6649862800161453
10000,SMILE_BOTH,BP,JAC,0.5650000020791394
10000,SMILE_BOTH,BP,GREIT,0.7501527179609663
10000,SMILE_BOTH,JAC,GREIT,0.7734313118084097
50000,SMILE_BOTH,BP,JAC,0.3443794720735718
50000,SMILE_BOTH,BP,GREIT,0.7023663739366335
50000,SMILE_BOTH,JAC,GREIT,0.6361170969941908
80000,SMILE_BOTH,BP,JAC,0.27176398903232124
80000,SMILE_BOTH,BP,GREIT,0.5425681813497106
80000,SMILE_BOTH,JAC,GREIT,0.680254450016603
10000,PUFF_LEFT,BP,JAC,0.29773279450697526
10000,PUFF_LEFT,BP,GREIT,0.6476812869320732
10000,PUFF_LEFT,JAC,GREIT,0.5610475576846243
50000,PUFF_LEFT,BP,JAC,0.32959323264302803
50000,PUFF_LEFT,BP,GREIT,0.7470067470179896
50000,PUFF_LEFT,JAC,GREIT,0.5695695419702359
80000,PUFF_LEFT,BP,JAC,0.29202782581018255
80000,PUFF_LEFT,BP,GREIT,0.6905166534080512
80000,PUFF_LEFT,JAC,GREIT,0.5522984994626029
10000,PUFF_RIGHT,BP,JAC,0.25824425145204744
10000,PUFF_RIGHT,BP,GREIT,0.6580009546487832
10000,PUFF_RIGHT,JAC,GREIT,0.5509201834394702
50000,PUFF_RIGHT,BP,JAC,0.37588589143517104
50000,PUFF_RIGHT,BP,GREIT,0.7628689998840325
50000,PUFF_RIGHT,JAC,GREIT,0.5554123461417203
80000,PUFF_RIGHT,BP,JAC,0.48107544138993463
80000,PUFF_RIGHT,BP,GREIT,0.7171931173974274
80000,PUFF_RIGHT,JAC,GREIT,0.780325569918211
10000,PUFF_BOTH,BP,JAC,0.24409171878174102
10000,PUFF_BOTH,BP,GREIT,0.6679668507686293
10000,PUFF_BOTH,JAC,GREIT,0.521144992421796
50000,PUFF_BOTH,BP,JAC,0.3479720624272416
50000,PUFF_BOTH,BP,GREIT,0.777862377043639
50000,PUFF_BOTH,JAC,GREIT,0.5190832505728213
80000,PUFF_BOTH,BP,JAC,0.403871629074255
80000,PUFF_BOTH,BP,GREIT,0.7321136688931454
80000,PUFF_BOTH,JAC,GREIT,0.6716772153826019
