task,session_a,session_b,r_same_task_common_strong,r_other_tasks_mean,r_other_tasks_max,r_same_task_all,n_patterns
SMILE_LEFT,10 kHz,50 kHz,0.8497971897847822,0.07952302247680021,0.4748988678634935,0.5915026681142284,66
SMILE_LEFT,10 kHz,80 kHz,0.9380792332112367,0.015785200387586965,0.3860955090506107,0.29698892110544817,66
SMILE_LEFT,50 kHz,80 kHz,0.8414399286329302,0.3329389532697477,0.6553506923351232,0.5222109488574844,66
SMILE_RIGHT,10 kHz,50 kHz,0.9137672659097051,0.3261551269189864,0.6928063143571628,0.7338810462778123,66
SMILE_RIGHT,10 kHz,80 kHz,0.9235905428305917,0.27311562635496445,0.6811978031299546,0.6548813387388176,66
SMILE_RIGHT,50 kHz,80 kHz,0.9774767008785722,0.4205067944209837,0.8020855463919694,0.8638266410290815,66
SMILE_BOTH,10 kHz,50 kHz,0.9506795207548463,0.5843008816967163,0.7783497225305084,0.8612564401002599,66
SMILE_BOTH,10 kHz,80 kHz,0.8921454695145749,0.48038856443565,0.6625331129859147,0.7617598653609816,66
SMILE_BOTH,50 kHz,80 kHz,0.9696610466386764,0.5189634344079923,0.7335589341513082,0.8969714265275025,66
PUFF_LEFT,10 kHz,50 kHz,0.9412404346398412,0.39590486950632425,0.6489413644963083,0.6179283510303891,66
PUFF_LEFT,10 kHz,80 kHz,0.9234081833720565,0.28229761053054137,0.5858940523144716,0.3702083740698862,66
PUFF_LEFT,50 kHz,80 kHz,0.9606569474481251,0.3834401185546624,0.7141527869216099,0.7743397913945267,66
PUFF_RIGHT,10 kHz,50 kHz,0.9374883024611678,0.36784879958839606,0.6511047385433195,0.7088403858936869,66
PUFF_RIGHT,10 kHz,80 kHz,0.9376855305108798,0.3036017396292098,0.6893274948232334,0.5154513897573396,66
PUFF_RIGHT,50 kHz,80 kHz,0.9737071603375993,0.38778546447595685,0.7857897850296364,0.7626747661531682,66
PUFF_BOTH,10 kHz,50 kHz,0.9632315649395606,0.5750907458929015,0.7437626272376676,0.7266295466658329,66
PUFF_BOTH,10 kHz,80 kHz,0.9571980506744463,0.4542831473601906,0.6850798444849185,0.5407585332718272,66
PUFF_BOTH,50 kHz,80 kHz,0.9832180720409199,0.4717263062859585,0.7160296242286481,0.8387051137879868,66
