session,label,freq_hz,task,L1,L2,L3,L4,L5,L6,L7,L8,R8,R7,R6,R5,R4,R3,R2,R1
session-1-20261005-10000Hz-600mV,10 kHz,10000,SMILE_LEFT,1.607027181450725,2.509436490915679,3.107640793014291,4.771690381686874,5.827365160213913,6.23299566733048,7.105281405108634,5.721943201729294,4.904955338255533,4.387165381975017,2.533794852735048,1.4605666655686806,1.3701002362212291,0.9589617205849297,0.5543986240668991,1.034141180224288
session-1-20261005-10000Hz-600mV,10 kHz,10000,SMILE_RIGHT,2.493752354484856,1.2883084083912335,1.390248117321715,1.661512519428251,1.8838859219121806,3.0119064341466553,4.239967999667557,4.137634594825932,5.134233465129917,8.511922845319477,5.553950314451081,4.936513535311872,5.886509742812382,2.134320803107282,1.7524897995339561,2.79506488623732
session-1-20261005-10000Hz-600mV,10 kHz,10000,SMILE_BOTH,3.9794447631041825,4.019487036899756,3.920281853590389,5.7171648880763035,6.675279649132158,7.184722587429013,9.45575079801379,10.152958907372073,10.006272142842056,10.349060027652705,6.82320048833341,5.835940444333562,5.98773031699725,2.3873709186887413,1.8589653502227073,3.2705047812847727
session-1-20261005-10000Hz-600mV,10 kHz,10000,PUFF_LEFT,2.55578736151786,2.204888270072235,2.822498919340579,3.0092011356621975,4.619858372454458,7.9498640076669345,8.184180426239504,8.395178154150429,9.172154196481442,8.016372244919909,4.939969293492622,2.992367032996766,3.1035344398583558,1.9387115646329667,1.4041094915301675,2.4210283799029355
session-1-20261005-10000Hz-600mV,10 kHz,10000,PUFF_RIGHT,2.0935001625457748,1.901034992795726,2.831198556710564,2.7230269303454406,2.592794607344208,3.5377711186033576,6.022110333376089,8.97234687714214,7.739293500600051,8.101108770933925,7.731563174908336,4.736815510553611,3.5315470191769496,1.8854281922851754,1.480552269616503,2.0103091456034896
session-1-20261005-10000Hz-600mV,10 kHz,10000,PUFF_BOTH,2.2740162657167566,1.702138009565221,2.020497323471017,2.8296485317140285,4.144396677088067,9.274265336062797,12.70405299680826,11.795308051311348,11.083912048029969,14.362030193235448,11.073429110608451,4.890588622894459,3.753966679346065,2.0846611879176247,1.5566630881263446,2.0066095324439504
session-2-20261005-50000Hz-600mV,50 kHz,50000,SMILE_LEFT,2.525262429121196,3.941253460475918,4.050155600220668,6.013487136298109,7.541203166520432,6.442093451904804,8.10495102082454,9.954151130525322,7.89800629609635,5.639576826386819,3.8844636556728407,2.427245898397394,1.845326613014643,0.8534456982249788,1.4205319452187632,2.016910960335457
session-2-20261005-50000Hz-600mV,50 kHz,50000,SMILE_RIGHT,3.0881392018294993,1.6233557407825567,2.333873320659694,2.3684421217893887,2.6728092767935943,4.124917979932695,6.306218051531999,6.885993006739647,8.749857273505496,12.071189246902904,7.4147682548702845,8.59157854414124,8.588504032870453,2.646481409620397,5.595414831033088,5.960902607343931
session-2-20261005-50000Hz-600mV,50 kHz,50000,SMILE_BOTH,5.33230530565392,5.523123676061978,5.532363332153148,7.307530014017431,8.777228460313546,9.140650467012613,10.954133183884244,13.630064078454597,14.051742303911912,12.32130569655756,8.660564447518697,9.120082892144064,7.880284854525602,2.3960596262527876,7.07277485417022,7.470401685618614
session-2-20261005-50000Hz-600mV,50 kHz,50000,PUFF_LEFT,4.029448622239682,3.6716190439447813,4.24084743011896,3.4603167193976043,5.275941049584541,9.397388107701708,10.495981682886102,9.372618589736641,10.261803681117208,10.342967470106307,5.198719482379496,3.332481951770642,3.2989568780603133,2.426645866838872,5.026325698305028,5.622279518809
session-2-20261005-50000Hz-600mV,50 kHz,50000,PUFF_RIGHT,3.279371433065859,3.0217608976678947,3.964735373036909,3.3183682717932577,2.959473991864363,3.8263205426211377,6.853998860935762,9.565544383783353,7.989353880207396,10.359581959266663,9.756297306593389,5.128633795699918,3.561946879874812,1.8922575489682694,3.986902292585085,4.5417478779503115
session-2-20261005-50000Hz-600mV,50 kHz,50000,PUFF_BOTH,2.8805931733602006,2.5338394308654837,2.9071725699760083,2.885771157276767,4.447236685629799,9.24545685596024,12.691682578387757,13.777629640549536,13.197584588155507,15.802669107530512,11.598532083831783,5.269939161366948,3.737585019491996,2.077014028828197,3.7872420309489168,3.885896747355892
session-3-20261005-80000Hz-600mV,80 kHz,80000,SMILE_LEFT,2.2230070316336685,2.3032422231903054,2.2229917444453666,4.899143948876597,6.118041304817546,6.042540269001493,6.209199116342071,6.180579456506284,6.36050834746972,4.35525618278441,2.363361757898142,1.8835698419986464,1.4734506424009497,0.9271610597698077,1.1406904361063408,1.7879321002700819
session-3-20261005-80000Hz-600mV,80 kHz,80000,SMILE_RIGHT,2.6897703759798484,1.4907676897847117,1.770760767320451,2.1446345003480443,2.2193249271387336,2.9839018153444585,5.741777912476438,5.388944973257696,5.932098751522243,9.754214827714293,6.400209976834402,7.017902311538763,7.442230096572574,2.579313111076834,4.551167128820286,4.621542482466729
session-3-20261005-80000Hz-600mV,80 kHz,80000,SMILE_BOTH,6.088024805791888,3.949527138117263,3.997102109032708,5.386751801438144,6.3306109644236095,6.603440205083928,9.67444644644762,12.010447633185734,12.064515215747365,11.552726654253632,8.287396903411839,8.30683496919528,7.434094818269502,3.43089498308021,8.362345235884128,9.178646533316687
session-3-20261005-80000Hz-600mV,80 kHz,80000,PUFF_LEFT,4.72058400053461,3.503553888355169,3.7224461533027284,3.501206028579116,5.3106052906555075,9.795380352791957,9.771156873349364,8.943399622368704,10.982846701190779,9.42103364312244,4.365650974582145,3.72242598388695,3.879890115928044,2.0658305951905707,4.698370251183326,5.921984359349554
session-3-20261005-80000Hz-600mV,80 kHz,80000,PUFF_RIGHT,3.0926820111158384,2.8661977386198942,3.2059771011570435,3.40331476816435,3.3161891289631185,3.772589976727735,8.826530065320227,11.829441058077062,9.713513897392415,11.74169436566644,10.791235464178502,5.408291412164527,3.2018804416641,1.9077078116455712,3.1262546964528872,3.5775290440225826
session-3-20261005-80000Hz-600mV,80 kHz,80000,PUFF_BOTH,2.287870814606877,1.7589889375948904,1.8994601574714145,2.080664392859841,3.702951463515617,8.458545914650614,13.526913258449614,14.214936202303807,14.05694484550485,15.700019950200904,10.77901263199134,4.969101358465745,3.105338492309003,2.181733482944593,3.1169180607097475,3.110030358598977
