session,label,freq_hz,task,n_left_strong,n_right_strong,L_median_abs_dz_pct,R_median_abs_dz_pct,L_minus_R_pctpt,LI,mirror_pairs_both_strong,mirror_median_L_minus_R_pctpt,mirror_n_L_gt_R,t_left_patterns_mean_s,t_right_patterns_mean_s
session-1-20261005-10000Hz-600mV,10 kHz,10000,SMILE_LEFT,21,16,3.6495378153016858,0.7044210934463708,2.9451167218553147,0.6764227186292296,16,2.8111983987472486,15,4.093190493333336,15.239221108333338
session-1-20261005-10000Hz-600mV,10 kHz,10000,SMILE_RIGHT,21,16,0.9474524094763922,1.4132256868539976,-0.46577327737760543,-0.19730486680993795,16,-0.4532028015044202,6,4.060431911666668,15.193928275000003
session-1-20261005-10000Hz-600mV,10 kHz,10000,SMILE_BOTH,21,16,4.075324807259077,2.3925255312193734,1.6827992760397033,0.2601790684655172,16,1.410812732554928,12,4.111240806666664,15.247909221666665
session-1-20261005-10000Hz-600mV,10 kHz,10000,PUFF_LEFT,21,16,2.4321338491724305,1.43456057093604,0.9975732782363904,0.2579912374374818,16,1.80644233509961,14,4.061633793333339,15.143408875000004
session-1-20261005-10000Hz-600mV,10 kHz,10000,PUFF_RIGHT,21,16,1.8278756253377788,1.8859271866684082,-0.058051561330629387,-0.015631298770887106,16,0.5535743903002858,10,4.081782968333335,15.174299921666668
session-1-20261005-10000Hz-600mV,10 kHz,10000,PUFF_BOTH,21,16,1.858859994229576,1.709507767646289,0.14935222658328695,0.04185449386101773,16,0.2709148953471785,8,4.0490677050000015,15.11484976
session-2-20261005-50000Hz-600mV,50 kHz,50000,SMILE_LEFT,22,17,5.111598525991472,1.2904315890807327,3.821166936910739,0.5968680040905497,17,3.031000448158621,16,4.081346768333337,15.130513245000003
session-2-20261005-50000Hz-600mV,50 kHz,50000,SMILE_RIGHT,22,17,1.5731150310393986,2.076740692285978,-0.5036256612465793,-0.13798508747291713,17,-0.6293930631696154,4,4.085172621666666,15.160320746666661
session-2-20261005-50000Hz-600mV,50 kHz,50000,SMILE_BOTH,22,17,5.281606324503049,2.8854927534975934,2.396113571005456,0.2933861274512712,17,1.140355657644779,11,4.0611317266666624,15.07303214166666
session-2-20261005-50000Hz-600mV,50 kHz,50000,PUFF_LEFT,22,17,3.993456203704973,1.6854253590680677,2.3080308446369053,0.4064234865834878,17,2.236992323811984,13,4.052573451666667,15.037022813333335
session-2-20261005-50000Hz-600mV,50 kHz,50000,PUFF_RIGHT,22,17,2.102722130587283,1.8409878470921226,0.2617342834951606,0.06636752828593463,17,0.3542505282777937,10,4.039868591666665,15.031721971666665
session-2-20261005-50000Hz-600mV,50 kHz,50000,PUFF_BOTH,22,17,3.303756700771196,2.674064972208945,0.6296917285622512,0.10533799149754983,17,0.3516032765621957,10,4.081851350000016,15.174597871666679
session-3-20261005-80000Hz-600mV,80 kHz,80000,SMILE_LEFT,18,16,3.7820929161343266,0.7338817117740462,3.0482112043602805,0.6749841297873048,16,2.8175655007951734,16,4.081095094999998,15.137975539999998
session-3-20261005-80000Hz-600mV,80 kHz,80000,SMILE_RIGHT,18,16,1.5541484415602627,2.22203858860626,-0.6678901470459975,-0.17686892670052543,16,-1.167230951142873,4,4.096486176666668,15.176646846666667
session-3-20261005-80000Hz-600mV,80 kHz,80000,SMILE_BOTH,18,16,4.571006447392007,3.002875180265152,1.5681312671268546,0.20704459670990755,16,0.050939674151890824,8,4.0759593983333415,15.130737665000007
session-3-20261005-80000Hz-600mV,80 kHz,80000,PUFF_LEFT,18,16,3.279596233936354,1.2805761091222367,1.9990201248141173,0.438365038518114,16,1.52836102843319,11,4.05392597833333,15.062896243333332
session-3-20261005-80000Hz-600mV,80 kHz,80000,PUFF_RIGHT,18,16,2.7403637262634186,1.7932145982200933,0.9471491280433253,0.20891866429841138,16,-0.0807055348417034,8,4.047921260000005,15.02931787166667
session-3-20261005-80000Hz-600mV,80 kHz,80000,PUFF_BOTH,18,16,1.617857179564933,2.069328097007549,-0.45147091744261614,-0.12244324154556523,16,-0.9534360742726067,5,4.091900563333331,15.181317694999995
