session,label,frame_id,task,recip_err_median_pct,recip_err_after_fit_pct,dln_gain_vs_rest_pct_L1-L2,dln_gain_vs_rest_pct_L2-L3,dln_gain_vs_rest_pct_L3-L4,dln_gain_vs_rest_pct_L4-L5,dln_gain_vs_rest_pct_L5-L6,dln_gain_vs_rest_pct_L6-L7,dln_gain_vs_rest_pct_L7-L8,dln_gain_vs_rest_pct_L8-R8,dln_gain_vs_rest_pct_R8-R7,dln_gain_vs_rest_pct_R7-R6,dln_gain_vs_rest_pct_R6-R5,dln_gain_vs_rest_pct_R5-R4,dln_gain_vs_rest_pct_R4-R3,dln_gain_vs_rest_pct_R3-R2,dln_gain_vs_rest_pct_R2-R1,dln_gain_vs_rest_pct_R1-L1,rel_gain_L1-L2,rel_gain_L2-L3,rel_gain_L3-L4,rel_gain_L4-L5,rel_gain_L5-L6,rel_gain_L6-L7,rel_gain_L7-L8,rel_gain_L8-R8,rel_gain_R8-R7,rel_gain_R7-R6,rel_gain_R6-R5,rel_gain_R5-R4,rel_gain_R4-R3,rel_gain_R3-R2,rel_gain_R2-R1,rel_gain_R1-L1
session-1-20261005-10000Hz-600mV,10 kHz,0,REST,17.703920555238874,4.871916839355035,0.0,0.0,0.0,0.0,0.0,0.0,0.0,0.0,0.0,0.0,0.0,0.0,0.0,0.0,0.0,0.0,0.9716462415612968,0.8525007120471946,0.9588205712057688,0.8490729740375995,1.1447528276301266,1.0731170712636864,1.2418247267257898,1.180951706553932,1.166199821460616,1.202488833937999,1.0112221958386927,0.9751642764899245,0.898813751179969,0.948365785740412,0.6982958460393999,1.0
session-1-20261005-10000Hz-600mV,10 kHz,1,SMILE_LEFT,18.50387047976954,4.661246297047057,-0.09928148775782894,-0.340545114053592,-0.9576049257438866,-1.3692546075920102,-0.17917423935119303,-0.44470618338363355,-0.5190462285518255,0.09000393894006975,0.6318724708069656,0.44920198727136373,0.6955527487121567,0.8630283966832877,0.313800192646603,0.8023341174349268,0.0638189339385864,-3.083398917940869e-15,0.9706820554253003,0.8496025001853941,0.9496826804619488,0.8375262357453933,1.1427035618851613,1.068355448754988,1.2353957813492094,1.1820150880776543,1.1735920472114507,1.207902587918665,1.0182802975722278,0.9836166418045543,0.9016386604299539,0.9560054548503881,0.6987416332372681,0.9999999999999999
session-1-20261005-10000Hz-600mV,10 kHz,2,SMILE_RIGHT,19.020681374618988,4.453348148500124,-0.5787885750588622,-0.558188096561224,-1.1564275575008005,-1.834671028366344,-0.16647674682718216,-0.34777588367532475,0.004075822156965336,0.37178469383816193,1.1776257112379007,0.2968784290752008,1.079356313683346,0.2939805241744441,-0.06011487139785665,1.0223104413744244,0.45643082384714817,-1.356170589047835e-17,0.9660387076621064,0.8477554107239429,0.947796372188579,0.8336373079900392,1.1428486657965875,1.0693915109413883,1.2418753423246462,1.1853504761497673,1.1800144731967048,1.2060640683219224,1.0221960031578285,0.9780352875805232,0.8982735928233584,0.9581107552388753,0.7014903683687298,1.0
session-1-20261005-10000Hz-600mV,10 kHz,3,SMILE_BOTH,19.83968424457959,4.709808331967186,-0.41492279327189874,0.5333773269309949,-0.26969376471585593,-1.2484724412069186,0.8320157583434351,-0.2301008300352833,-0.6218923090656248,0.3646975275393177,0.5739294266065453,0.17781223424787884,0.5301510180534695,-0.840709126902417,-0.25142655418659704,0.03946893031473234,0.8257655973482214,-2.1845141475256136e-15,0.9676230122548205,0.8570599056007773,0.9562381757554171,0.8385384292285268,1.1543170844382369,1.0706506586816005,1.234125878343927,1.185266471367113,1.1729122292254406,1.204628908293359,1.0165974364614483,0.9670003469504908,0.8965567332969512,0.9487401694492771,0.7040860065785763,0.9999999999999999
session-1-20261005-10000Hz-600mV,10 kHz,4,PUFF_LEFT,17.223988839590493,4.272711334965355,0.4383067961001075,-0.07905856296102076,-0.6955200224665253,-0.13292049491741287,-0.2964707480534373,0.07343612679496653,0.08782204595846888,0.8997296350658879,-2.696640759683053,-0.42128614691223365,0.37413924924494435,0.8197249602548542,0.3475360857351298,0.33213437891102193,0.9490674569283319,4.641955340819792e-15,0.9759143800095208,0.8518270035822234,0.9521749198615213,0.8479451317711146,1.1413639962876792,1.0739054163064021,1.2429158016400486,1.1916250225255274,1.1351718385919487,1.197433571100281,1.0150126613584385,0.9831907942073473,0.9019428875984721,0.9515208712140595,0.7049546931610282,1.0
session-1-20261005-10000Hz-600mV,10 kHz,5,PUFF_RIGHT,20.065457570076422,4.420744204267762,0.5371516688692932,-0.6649152149150489,-0.676032486657429,-1.6453836933491672,-0.20095362683451023,0.7135633500931132,-0.4618915992699729,0.5140014940087506,-1.8648954278092074,0.029858820598607783,1.0511827766510715,-0.05979164406734391,0.9576010336652785,0.5472082157624341,1.2232963332541036,2.0353015981276918e-15,0.9768794982431432,0.8468511084571023,0.9523604933712593,0.8352167722253241,1.1424547151482638,1.0808018265793558,1.2361020690470341,1.1870374429585293,1.1446529520689814,1.2028479365308746,1.0219080549528383,0.9745813840145164,0.9074621434106815,0.9535695459521948,0.7068905356010232,1.0
session-1-20261005-10000Hz-600mV,10 kHz,6,PUFF_BOTH,19.267244692677966,4.1084441879010445,0.7478010668363455,-0.16655746014452022,-0.26194317713369025,-0.8107337650715141,0.33318881987469684,1.0803886840227177,-0.4598782692944531,0.562799609238826,-3.1723356731192904,-1.4565565083020342,0.7184298112232251,1.1920695165351387,0.23357380896631696,0.7436319240833794,0.716121612284859,-4.108949894571058e-15,0.9789394579096495,0.8510819903348976,0.9563122927049357,0.8422170818160419,1.1485733773547813,1.084773762067742,1.2361269561110468,1.1876168362127648,1.1297847072105707,1.1851008449208245,1.0185132768408316,0.9868584755759783,0.9009155984208602,0.9554444233648349,0.7033144416872339,0.9999999999999999
session-2-20261005-50000Hz-600mV,50 kHz,0,REST,12.301803186156041,7.203459740197885,0.0,0.0,0.0,0.0,0.0,0.0,0.0,0.0,0.0,0.0,0.0,0.0,0.0,0.0,0.0,0.0,1.0671569675132506,0.9371536608927129,1.0859869431849545,0.862129552213358,1.1016371892111327,1.009742428377742,1.1076987533789138,1.1223245008836829,1.0757602278208311,1.159967301209091,1.0430947612978163,1.089276557406083,1.0488638344244832,1.1657996899936816,0.9876190500921489,0.45104387769945553
session-2-20261005-50000Hz-600mV,50 kHz,1,SMILE_LEFT,12.54700526927147,7.541516900927266,0.19595633050200345,0.04160926919492547,0.35935703138298,1.818777326065496,0.4065863328575364,0.7709736063474594,-0.15603038537094355,-0.8985099238861025,0.34972024672077356,-0.17983671756899022,-0.29829745177726363,-0.38619109024295994,-0.39046433863229935,-0.3988287756429315,-0.5612551896326827,-0.673566270316972,1.0692501793682483,0.9375436848196695,1.0898965341128513,0.87795323157933,1.1061254135304834,1.0175573628236354,1.105971754417207,1.1122854722385116,1.0795289653216287,1.1578831287051388,1.0399878723942504,1.085077980875768,1.0447763804085801,1.1611594049105884,0.9820915132235896,0.4480160070801939
session-2-20261005-50000Hz-600mV,50 kHz,2,SMILE_RIGHT,11.497990880872324,7.512047436205243,0.02715273958314307,-0.4903111979905367,0.6262973392022336,-0.3986126676601004,-0.5044774101444965,-0.30243004549188723,-0.4109423102154161,-0.546276377071099,-0.6541673154370251,-1.6681994451076125,-0.19227922774783177,-0.7761751757105667,-0.5781534653012267,0.1862222296557886,0.34821562327738764,5.334136706159221,1.0674467692083522,0.9325699379872378,1.0928097938782955,0.8586998347919369,1.0960936730998176,1.0066932769912722,1.10315609078565,1.1162102228944908,1.0687459236743824,1.140777242384004,1.0410910337393893,1.080854590064165,1.042817287821543,1.1679726908470538,0.9910640885230138,0.4757564157484293
session-2-20261005-50000Hz-600mV,50 kHz,3,SMILE_BOTH,11.919354959653695,7.636321527077798,-0.9846739527686589,-0.2982890443657668,0.05427810831827168,1.9299767996175832,0.2081475398073629,0.9721821715298168,-0.9072748019029908,-1.5970116246435184,0.6547507806551875,-2.3120985895266983,-0.23137953397154506,-1.9367879460178983,-0.7367970533425937,-0.6651279145837657,0.013232818087747372,5.836872243107538,1.0567005162813143,0.9343623992768325,1.0865765563552607,0.8789300539608967,1.1039326080182168,1.0196068365601907,1.097694334121862,1.1045432106909594,1.0828268855633,1.1334553854649652,1.040684043529524,1.0683825695949702,1.0411642366359806,1.158071360955723,0.9877497485718029,0.4781542346132163
session-2-20261005-50000Hz-600mV,50 kHz,4,PUFF_LEFT,11.932181308558471,7.629647050575894,0.06973218533771336,-1.0539667236836943,0.31500455664114774,-0.36813805821682977,-0.21617115504188877,-0.26629067380646565,-0.27355670197620197,0.22337487466365935,-2.599274142369613,0.7520252802236504,-0.16812316458538965,0.19268690444361886,-0.5701471990633679,0.23914273828729016,-0.39212584112605486,4.115827120272419,1.0679013789046823,0.92732824243185,1.0894132452110632,0.8589615600907355,1.0992583394946613,1.0070571553640946,1.1046727100605622,1.124834293910787,1.0481585460825114,1.1687234314466983,1.0413425507241556,1.091377474131052,1.0429007818923146,1.168590951514643,0.9837539236173043,0.4699953945246132
session-2-20261005-50000Hz-600mV,50 kHz,5,PUFF_RIGHT,11.143967046275206,7.448346253989023,-0.301257186555106,-1.209820838628152,-0.3803648005612406,-0.5326846248994294,-0.1238390009538487,-0.44008659902227876,0.8076111820878709,-0.03797696997885208,-0.9690704015529226,-1.4286623120344955,0.779937861381303,0.0706943809070798,0.23866229701938677,0.7761308430368291,-0.49086576604273396,3.2415919357965617,1.06394691813677,0.9258840888856685,1.0818640770508732,0.8575493305407431,1.1002737771140827,1.0053084510920258,1.1166808738592908,1.121898356968312,1.0653857032736374,1.1435131028779046,1.0512620608002294,1.0900468869824873,1.0513700664701924,1.174883024639922,0.9827830451329833,0.4659044377674537
session-2-20261005-50000Hz-600mV,50 kHz,6,PUFF_BOTH,11.247031897159658,7.526736481151736,0.43672745747913577,-1.2154419025355203,0.5901904931240556,-0.19807860775771235,-0.06149748366161001,0.30801487109889064,-0.8850102228841333,0.4279072757752356,-2.6574473622190378,-1.1143614214273512,0.5006896948150729,0.6691127407722292,0.14535652496280652,0.7144850067460545,0.022427131571479443,2.316925804140424,1.0718277268251624,0.925832045812025,1.0924152859545628,0.8604235481715872,1.1009599183343057,1.0128573800113596,1.0979387583532714,1.1271372988934871,1.047548975827641,1.1471128287663974,1.0483305258035014,1.096589484212411,1.0503895350298533,1.1741589813681388,0.9878405695552404,0.4616162335651703
session-3-20261005-80000Hz-600mV,80 kHz,0,REST,13.386856269941767,8.881979175651852,0.0,0.0,0.0,0.0,0.0,0.0,0.0,0.0,0.0,0.0,0.0,0.0,0.0,0.0,0.0,0.0,1.0460589092425767,0.9391717591399551,1.0754799269732107,0.8661430791943278,1.0749360745848524,1.0107600964445707,1.0945281564560332,1.0910098051238988,1.0907353969650233,1.1503215147232602,1.036677650077481,1.0762588949267808,1.0439687800245376,1.1700227006158643,1.0357088123390732,0.47555631814378296
session-3-20261005-80000Hz-600mV,80 kHz,1,SMILE_LEFT,13.40123629142433,8.933877475808428,-0.05496901386911682,-0.5538181284142824,-0.4179258745653294,0.5899195799811824,0.15681555337757197,0.09670959431061515,-0.5621848227763613,-1.438719796587823,0.19633476446684894,-1.3467231910950617,-0.2629322878322744,-0.5054178878761404,0.17445624895610634,-0.14338534292481775,0.01640608956252204,4.055434515286372,1.0454840589849097,0.93398483200981,1.0709945972877624,0.871267727599631,1.0766230639237937,1.0117380712548085,1.0883921492907185,1.0754256063666146,1.0928789933614964,1.1349337162062887,1.0339554701279756,1.0708330131906136,1.0457916383812758,1.1683462617253348,1.0358787455937524,0.49523859669590947
session-3-20261005-80000Hz-600mV,80 kHz,2,SMILE_RIGHT,13.120260137173348,9.508397390716068,0.08517337643995995,-0.6639413046703874,-0.03457112725150924,-0.18150243238850283,-0.5963384480453817,-0.6937330162909152,-0.9435550569682732,-1.1262164992751234,-0.9411146890520319,-2.3407026808344584,-0.3022389965796596,0.46984060759270446,-0.3544791281237698,0.7751066463060674,0.13583503697580657,6.7124377121654755,1.0469502524748076,0.9329568643662463,1.075108185700369,0.8645724342481991,1.06854489295709,1.0037723859917982,1.0842492505147288,1.0787916035334093,1.0805184777980188,1.1237085880007147,1.0335491361262477,1.0813274941024416,1.0402746798704292,1.1791268622317934,1.037116623721367,0.5085734715794853
session-3-20261005-80000Hz-600mV,80 kHz,3,SMILE_BOTH,12.769256192209575,9.186462247831301,-1.0378432060505212,-0.023631412160435294,-1.5335712606429825,1.669816416204148,-0.15866341086406277,-0.11868476371995791,-2.481623628614704,-2.1799024175342296,0.11206860013918685,-4.159095629696521,-0.09791831886267546,-1.299027492706878,-0.3600129816227059,-0.6385869431443786,0.08200693880312249,12.224669510473618,1.0352586000028237,0.9389498458123177,1.0591124997577106,0.8807275062187178,1.0732318966552323,1.0095611898128138,1.067700346540092,1.0674842051689368,1.0919584540590996,1.1034598093960162,1.0356630495714458,1.06236841191674,1.0402171141864738,1.1625748940876213,1.0365585137904416,0.5373942572319046
session-3-20261005-80000Hz-600mV,80 kHz,4,PUFF_LEFT,12.496560511992756,8.546223646154964,0.5399488727499617,-0.3337201670734327,0.16707449731857976,0.39516950872290624,0.028582026400141014,-0.3042801205210528,-0.21848962044290765,-0.5967485791265437,-3.3658142044980113,-0.06336222822744542,-0.7553022532948147,-0.22396097817017763,-1.0645318624296054,-0.22712624157324723,-0.8831884183827493,6.905749768548375,1.0517223686643922,0.9360427775015555,1.077278281532558,0.8695725842614823,1.0752433570091549,1.007689228794162,1.0921393366533183,1.084518606943245,1.0546342272872309,1.1495928762449172,1.0288770963898224,1.0738511921418035,1.0329143431220014,1.1673682876057496,1.0266018271764148,0.5095575562863485
session-3-20261005-80000Hz-600mV,80 kHz,5,PUFF_RIGHT,11.373922194221613,8.952744823037314,0.3778651139607424,-0.7347392683699758,-0.10378253013968441,-0.1638993324996868,-0.2143873349703007,-0.8228716627292663,1.8095191044526184,-1.704703970268233,-1.739251689958872,-2.804041832986322,0.011486313390240976,-0.40204407998518654,0.06769539548321518,0.49403731440309795,-0.04443798710954752,5.9735564473271445,1.0500190782686771,0.9322965836643049,1.0743643456832286,0.8647246391934121,1.072634016324318,1.002476964544097,1.1145141322347625,1.0725689452713594,1.0719287843843073,1.1185140496146355,1.036796732960201,1.071940546403503,1.0446757380809248,1.175817351426545,1.035248666437914,0.5048295660214724
session-3-20261005-80000Hz-600mV,80 kHz,6,PUFF_BOTH,12.877421960173072,8.929462521507872,0.25983442882735325,-0.12593201653165187,-0.3213013147618973,1.1299131182057331,-0.13880402871547098,-0.19019376723590792,0.2838055428623004,-0.6850468194365772,-2.51446214000465,-2.690195265853401,0.012008787981615532,-0.11067427545937286,-0.27656590277588544,0.025947321655003797,-0.2876288178252272,5.629295149068048,1.0487804646724173,0.9379897856027359,1.0720299412206167,0.8759852427043884,1.0734450550441985,1.0088395207260334,1.0976389001758224,1.0835614187498348,1.0636512062096877,1.1197881645934882,1.0368021499738462,1.075068412093395,1.0410855072558602,1.1703263295595154,1.0327340954483712,0.5030946212886085
