session,label,freq_hz,frame_id,trial_id,task,state,is_rest,valid,first_after_cue,cue_s,settle_s,frame_start_s,frame_end_s,frame_duration_s,next_cue_s,hold_s,frame_inside_hold,n_measurements,slack_after_frame_s
session-1-20261005-10000Hz-600mV,10 kHz,10000,0,T001,REST,task,True,True,True,10.0309421,0.014132499999998771,10.0450746,30.6880974,20.6430228,30.8143222,20.7833801,True,208,0.12622479999999925
session-1-20261005-10000Hz-600mV,10 kHz,10000,1,T002,SMILE_LEFT,task,False,True,True,30.8143222,2.025987399999998,32.8403096,53.5223383,20.682028700000004,53.6573545,22.843032299999997,True,208,0.13501619999999548
session-1-20261005-10000Hz-600mV,10 kHz,10000,2,T003,SMILE_RIGHT,task,False,True,True,53.6573545,2.0139409000000015,55.6712954,76.3474194,20.67612400000001,76.480921,22.8235665,True,208,0.13350159999998823
session-1-20261005-10000Hz-600mV,10 kHz,10000,3,T004,SMILE_BOTH,task,False,True,True,76.480921,2.027645000000007,78.508566,99.2073815,20.698815499999995,99.33314,22.852219000000005,True,208,0.12575850000000344
session-1-20261005-10000Hz-600mV,10 kHz,10000,4,T005,PUFF_LEFT,task,False,True,True,99.33314,2.0191911999999945,101.3523312,121.9542557,20.60192450000001,122.2188791,22.885739099999995,True,208,0.26462339999999074
session-1-20261005-10000Hz-600mV,10 kHz,10000,5,T006,PUFF_RIGHT,task,False,True,True,122.2188791,2.019438100000002,124.2383172,144.8592944,20.620977200000013,145.0938644,22.874985300000006,True,208,0.23456999999999084
session-1-20261005-10000Hz-600mV,10 kHz,10000,6,T007,PUFF_BOTH,task,False,True,True,145.0938644,2.0256119000000012,147.1194763,167.6762912,20.556814900000006,167.9094411,22.81557670000001,True,208,0.2331499000000008
session-2-20261005-50000Hz-600mV,50 kHz,50000,0,T001,REST,task,True,True,True,10.0161148,0.016657900000000225,10.0327727,30.5254945,20.492721799999998,30.6698911,20.6537763,True,208,0.14439660000000032
session-2-20261005-50000Hz-600mV,50 kHz,50000,1,T002,SMILE_LEFT,task,False,True,True,30.6698911,2.026714399999996,32.6966055,53.2463365,20.549731,53.3813883,22.711497199999997,True,208,0.1350517999999994
session-2-20261005-50000Hz-600mV,50 kHz,50000,2,T003,SMILE_RIGHT,task,False,True,True,53.3813883,2.0291368000000034,55.4105251,76.0114384,20.600913300000002,76.062816,22.6814277,True,208,0.05137759999999503
session-2-20261005-50000Hz-600mV,50 kHz,50000,3,T004,SMILE_BOTH,task,False,True,True,76.062816,2.0147136000000074,78.0775296,98.5723023,20.4947727,98.7124276,22.6496116,True,208,0.140125299999994
session-2-20261005-50000Hz-600mV,50 kHz,50000,4,T005,PUFF_LEFT,task,False,True,True,98.7124276,2.0141402,100.7265678,121.1704312,20.443863399999998,121.4331711,22.720743499999998,True,208,0.2627398999999997
session-2-20261005-50000Hz-600mV,50 kHz,50000,5,T006,PUFF_RIGHT,task,False,True,True,121.4331711,2.023307900000006,123.456479,143.9133315,20.456852499999997,144.1639869,22.730815800000002,True,208,0.2506553999999994
session-2-20261005-50000Hz-600mV,50 kHz,50000,6,T007,PUFF_BOTH,task,False,True,True,144.1639869,2.0266585999999904,146.1906455,166.7966159,20.605970400000018,166.8452461,22.6812592,True,208,0.048630199999990964
session-3-20261005-80000Hz-600mV,80 kHz,80000,0,T001,REST,task,True,True,True,10.0127277,0.013722500000000082,10.0264502,30.5931739,20.5667237,30.7253413,20.7126136,True,208,0.13216740000000016
session-3-20261005-80000Hz-600mV,80 kHz,80000,1,T002,SMILE_LEFT,task,False,True,True,30.7253413,2.0139935000000015,32.7393348,53.3023106,20.562975799999997,53.456403,22.7310617,True,208,0.15409240000000324
session-3-20261005-80000Hz-600mV,80 kHz,80000,2,T003,SMILE_RIGHT,task,False,True,True,53.456403,2.033029499999998,55.4894325,76.106155,20.6167225,76.2402032,22.783800199999995,True,208,0.13404819999999518
session-3-20261005-80000Hz-600mV,80 kHz,80000,3,T004,SMILE_BOTH,task,False,True,True,76.2402032,2.0151194999999973,78.2553227,98.8081476,20.552824900000005,98.9744414,22.734238200000007,True,208,0.16629380000000538
session-3-20261005-80000Hz-600mV,80 kHz,80000,4,T005,PUFF_LEFT,task,False,True,True,98.9744414,2.0308133999999995,101.0052548,121.476648,20.471393199999994,121.7270405,22.752599099999998,True,208,0.2503925000000038
session-3-20261005-80000Hz-600mV,80 kHz,80000,5,T006,PUFF_RIGHT,task,False,True,True,121.7270405,2.0234061999999966,123.7504467,144.1923422,20.441895500000015,144.4424834,22.715442899999985,True,208,0.2501411999999732
session-3-20261005-80000Hz-600mV,80 kHz,80000,6,T007,PUFF_BOTH,task,False,True,True,144.4424834,2.0257725000000164,146.4682559,167.0943232,20.62606729999999,167.2249204,22.782437000000016,True,208,0.13059720000001107
