session,freq_hz,trial_id,task,cue_s,settle_s,frame_start_s,frame_end_s,frame_duration_s,next_cue_s,hold_s,frame_inside_hold,slack_after_frame_s,t_since_rest_mid_s
session-1-20261005-10000Hz-600mV,10000,T001,REST,10.0309421,0.013249599999999973,10.0450746,30.6880974,20.6430228,30.8143222,20.7833801,True,0.12622479999999925,0.0
session-1-20261005-10000Hz-600mV,10000,T002,SMILE_LEFT,30.8143222,2.025713600000003,32.8403096,53.5223383,20.6820287,53.6573545,22.843032299999997,True,0.13501619999999548,22.81473795
session-1-20261005-10000Hz-600mV,10000,T003,SMILE_RIGHT,53.6573545,2.0137008000000023,55.6712954,76.3474194,20.676124,76.480921,22.8235665,True,0.13350159999998823,45.6427714
session-1-20261005-10000Hz-600mV,10000,T004,SMILE_BOTH,76.480921,2.0274168000000117,78.508566,99.2073815,20.6988155,99.33314,22.852219000000005,True,0.12575850000000344,68.49138775
session-1-20261005-10000Hz-600mV,10000,T005,PUFF_LEFT,99.33314,2.018966699999993,101.3523312,121.9542557,20.6019245,122.2188791,22.885739099999995,True,0.26462339999999074,91.28670745000001
session-1-20261005-10000Hz-600mV,10000,T006,PUFF_RIGHT,122.2188791,2.0191628999999978,124.2383172,144.8592944,20.6209772,145.0938644,22.874985300000006,True,0.23456999999999084,114.1822198
session-1-20261005-10000Hz-600mV,10000,T007,PUFF_BOTH,145.0938644,2.0253846999999894,147.1194763,167.6762912,20.5568149,167.9094411,22.81557670000001,True,0.2331499000000008,137.03129775000002
session-2-20261005-50000Hz-600mV,50000,T001,REST,10.0161148,0.016135999999999484,10.0327727,30.5254945,20.4927218,30.6698911,20.6537763,True,0.14439660000000032,0.0
session-2-20261005-50000Hz-600mV,50000,T002,SMILE_LEFT,30.6698911,2.0264925999999974,32.6966055,53.2463365,20.549731,53.3813883,22.711497199999997,True,0.1350517999999994,22.692337399999992
session-2-20261005-50000Hz-600mV,50000,T003,SMILE_RIGHT,53.3813883,2.028798800000004,55.4105251,76.0114384,20.6009133,76.062816,22.6814277,True,0.05137759999999503,45.43184815
session-2-20261005-50000Hz-600mV,50000,T004,SMILE_BOTH,76.062816,2.0145047000000034,78.0775296,98.5723023,20.4947727,98.7124276,22.6496116,True,0.140125299999994,68.04578235
session-2-20261005-50000Hz-600mV,50000,T005,PUFF_LEFT,98.7124276,2.013859400000001,100.7265678,121.1704312,20.4438634,121.4331711,22.720743499999998,True,0.2627398999999997,90.6693659
session-2-20261005-50000Hz-600mV,50000,T006,PUFF_RIGHT,121.4331711,2.0230885,123.456479,143.9133315,20.4568525,144.1639869,22.730815800000002,True,0.2506553999999994,113.40577164999999
session-2-20261005-50000Hz-600mV,50000,T007,PUFF_BOTH,144.1639869,2.026442199999991,146.1906455,166.7966159,20.6059704,166.8452461,22.6812592,True,0.048630199999990964,136.2144971
session-3-20261005-80000Hz-600mV,80000,T001,REST,10.0127277,0.013218900000000033,10.0264502,30.5931739,20.5667237,30.7253413,20.7126136,True,0.13216740000000016,0.0
session-3-20261005-80000Hz-600mV,80000,T002,SMILE_LEFT,30.7253413,2.013786100000001,32.7393348,53.3023106,20.5629758,53.456403,22.7310617,True,0.15409240000000324,22.71101065
session-3-20261005-80000Hz-600mV,80000,T003,SMILE_RIGHT,53.456403,2.0328336999999976,55.4894325,76.106155,20.6167225,76.2402032,22.783800199999995,True,0.13404819999999518,45.4879817
session-3-20261005-80000Hz-600mV,80000,T004,SMILE_BOTH,76.2402032,2.0149211000000093,78.2553227,98.8081476,20.5528249,98.9744414,22.734238200000007,True,0.16629380000000538,68.2219231
session-3-20261005-80000Hz-600mV,80000,T005,PUFF_LEFT,98.9744414,2.030596099999997,101.0052548,121.476648,20.4713932,121.7270405,22.752599099999998,True,0.2503925000000038,90.93113935
session-3-20261005-80000Hz-600mV,80000,T006,PUFF_RIGHT,121.7270405,2.0231674000000055,123.7504467,144.1923422,20.4418955,144.4424834,22.715442899999985,True,0.2501411999999732,113.66158239999999
session-3-20261005-80000Hz-600mV,80000,T007,PUFF_BOTH,144.4424834,2.0255384000000163,146.4682559,167.0943232,20.6260673,167.2249204,22.782437000000016,True,0.13059720000001107,136.4714775
