session,freq_hz,task,t_since_rest_s,rms_dv_counts,n_strong,median_abs_dz_pct_strong,p90_abs_dz_pct_strong,median_abs_dz_pct_ge100,median_re_dz_pct_strong,median_phase_change_deg_strong,n_strong_gt_1pct,n_strong_gt_2pct,pct_strong_gt_2pct,n_all_dv_gt_3x2p9_counts
session-1-20261005-10000Hz-600mV,10000,SMILE_LEFT,22.81473795,4.277063154872655,73,1.8531562084654722,10.355552431760403,1.44068572620802,0.0,0.0874855350332777,51,35,47.94520547945205,9
session-1-20261005-10000Hz-600mV,10000,SMILE_RIGHT,45.6427714,4.01020333265419,73,1.8278756253377788,8.866082293233847,1.1952969139668086,-0.4436456295217728,0.16098388662838833,54,35,47.94520547945205,11
session-1-20261005-10000Hz-600mV,10000,SMILE_BOTH,68.49138775,6.869315832017043,73,3.6453362838021426,16.4434317420234,2.953336755924468,0.3827177571817217,0.13456006147068894,66,57,78.08219178082192,28
session-1-20261005-10000Hz-600mV,10000,PUFF_LEFT,91.28670745000001,7.080919649093829,73,3.0806783675785034,11.636024696740341,2.0993398614040646,-1.1765368160324252,0.08325589141628753,64,49,67.12328767123287,12
session-1-20261005-10000Hz-600mV,10000,PUFF_RIGHT,114.1822198,6.013206619280086,73,2.75032662068046,10.067811098448102,2.208630521496931,-0.31967946805336517,0.029697582511368645,62,49,67.12328767123287,13
session-1-20261005-10000Hz-600mV,10000,PUFF_BOTH,137.03129775000002,8.073282146400224,73,2.7605251570478124,15.20326934285162,1.858859994229576,0.0,0.016480006369160145,56,44,60.273972602739725,23
session-2-20261005-50000Hz-600mV,50000,SMILE_LEFT,22.692337399999992,5.530509783151863,82,2.981445994962807,12.760378977201617,2.20230128582257,-0.5607954842021855,0.0,69,51,62.19512195121951,24
session-2-20261005-50000Hz-600mV,50000,SMILE_RIGHT,45.43184815,6.437196594791867,82,3.0462846690562397,16.225406152853164,1.9886965531777143,-0.6828029170334962,0.0,72,55,67.07317073170732,22
session-2-20261005-50000Hz-600mV,50000,SMILE_BOTH,68.04578235,8.576297838542258,82,5.048648961957275,23.182219122815248,4.4990550813609405,0.0,0.11382785747242655,75,65,79.26829268292683,46
session-2-20261005-50000Hz-600mV,50000,PUFF_LEFT,90.6693659,8.76866141876416,82,3.837705890705124,14.341300819697564,3.7658495154786737,-1.5652646826222218,-0.08388962912376494,76,60,73.17073170731707,21
session-2-20261005-50000Hz-600mV,50000,PUFF_RIGHT,113.40577164999999,7.890171588267754,82,3.6328460130545634,11.68498819365838,2.1105314459656364,-1.3156449676143382,-0.09445672585156129,73,54,65.85365853658537,16
session-2-20261005-50000Hz-600mV,50000,PUFF_BOTH,136.2144971,10.196624630050566,82,3.787039931857463,17.448875802565123,2.787100016028084,-1.1672081644641747,-0.055523635140379335,75,59,71.95121951219512,22
session-3-20261005-80000Hz-600mV,80000,SMILE_LEFT,22.71101065,4.007205049369486,73,2.254030923600469,9.133556258662265,1.323773325465399,0.0,0.040494890038960236,55,41,56.16438356164384,10
session-3-20261005-80000Hz-600mV,80000,SMILE_RIGHT,45.4879817,4.54623682079687,73,2.3782574707724704,10.555891920962049,1.7746509148999974,-0.786200422436048,-0.015727636034589387,60,45,61.64383561643836,11
session-3-20261005-80000Hz-600mV,80000,SMILE_BOTH,68.2219231,7.097196087730161,73,4.457893447634325,21.251973206917018,3.6110261304004347,-0.7631059303140328,0.09946454444578692,69,61,83.56164383561644,30
session-3-20261005-80000Hz-600mV,80000,PUFF_LEFT,90.93113935,7.473671736888718,73,4.524470031791268,13.616233341936292,2.9968060693849194,-1.070486473222502,0.06845370639374061,64,56,76.71232876712328,15
session-3-20261005-80000Hz-600mV,80000,PUFF_RIGHT,113.66158239999999,7.730745311865026,73,3.19928344075492,10.310515224846032,2.5408222923375634,-1.5254635062191975,0.06845370639374061,66,52,71.23287671232876,13
session-3-20261005-80000Hz-600mV,80000,PUFF_BOTH,136.4714775,8.84916336766885,73,2.6059384613740253,16.250230766760858,1.9760376304381095,0.15317286652078763,0.09388638010406007,63,47,64.38356164383562,16
