,S_LEFT 10k,S_LEFT 50k,S_LEFT 80k,S_RIGHT 10k,S_RIGHT 50k,S_RIGHT 80k,S_BOTH 10k,S_BOTH 50k,S_BOTH 80k,P_LEFT 10k,P_LEFT 50k,P_LEFT 80k,P_RIGHT 10k,P_RIGHT 50k,P_RIGHT 80k,P_BOTH 10k,P_BOTH 50k,P_BOTH 80k
S_LEFT 10k,1.0,0.8497971897847824,0.9380792332112369,0.02026806019637537,-0.0664272318196408,-0.09394121952083719,0.579460735424712,0.47489886786349367,0.3860955090506111,0.008935894043002834,0.009383116212933139,-0.053628942243923866,0.03364831919402768,-0.01359430395432343,-0.0882651557394636,0.018847413700970334,-0.006645335918461436,-0.0713341896084513
S_LEFT 50k,0.8497971897847825,1.0,0.8414399286329302,0.11699260227368971,0.19999991186532914,0.12952192610427354,0.7783497225305087,0.7264963190087734,0.6553506923351229,0.2745862929499422,0.3631568980077384,0.25624125165928446,0.3135263314520539,0.33748211453087845,0.25834970967992266,0.41222139503857563,0.4248505917838864,0.3652311865701347
S_LEFT 80k,0.9380792332112367,0.84143992863293,0.9999999999999998,0.01717678447501114,-0.03359226280938642,-0.03663343273950456,0.5625140141264476,0.5095459006608055,0.4496726746579765,-0.07646458055002815,-0.044801128488016324,-0.06732061918178367,0.0740894156134141,0.060214059671270394,0.010049444778540794,0.02522720526443783,0.010201495964062036,-0.0337647113494503
S_RIGHT 10k,0.02026806019637537,0.1169926022736897,0.017176784475011142,1.0,0.9137672659097051,0.9235905428305917,0.6770066441438246,0.6928063143571627,0.6811978031299546,0.4010414830643121,0.40173873728689546,0.4103354607952961,0.0974164508331866,0.17613780743592847,0.07456311057638755,0.2539965468426843,0.2431001732412556,0.182304972798173
S_RIGHT 50k,-0.0664272318196408,0.19999991186532914,-0.03359226280938642,0.913767265909705,1.0,0.9774767008785724,0.7132339330306415,0.7843186051884051,0.8020855463919694,0.4585763365091023,0.5429746536067753,0.5191245463690375,0.3430948261703458,0.4572269833055756,0.3625293054506904,0.4778992225493638,0.5009250257260731,0.4523868367026078
S_RIGHT 80k,-0.09394121952083719,0.12952192610427354,-0.03663343273950456,0.9235905428305916,0.9774767008785724,0.9999999999999999,0.6625331129859147,0.7335589341513084,0.768585684418271,0.3862848808907418,0.44793754003521835,0.45421341199108145,0.2927789621929894,0.3930591570659585,0.31494713136401953,0.3877894505596446,0.3930836063341418,0.3587799671919114
S_BOTH 10k,0.579460735424712,0.7783497225305087,0.5625140141264476,0.6770066441438246,0.7132339330306416,0.6625331129859147,1.0,0.9506795207548465,0.8921454695145749,0.4682843461365809,0.5383076938488208,0.46273177848445135,0.34587389636879595,0.39021661826128007,0.2812877734793538,0.502821506996553,0.5013964408123315,0.4328761431020833
S_BOTH 50k,0.47489886786349367,0.7264963190087733,0.5095459006608055,0.6928063143571627,0.7843186051884051,0.7335589341513084,0.9506795207548465,1.0,0.9696610466386778,0.4677543220063891,0.5843811385427957,0.5314588568984543,0.354341040281715,0.4563152878403994,0.34317186873764916,0.5146495461918489,0.5505064001699314,0.47708161159174534
S_BOTH 80k,0.3860955090506111,0.6553506923351228,0.44967267465797656,0.6811978031299546,0.8020855463919694,0.7685856844182709,0.8921454695145749,0.9696610466386779,0.9999999999999998,0.4735935621573297,0.584244595938234,0.5545920086312943,0.384704131292833,0.4866087345664485,0.3832482032329044,0.5149076647611214,0.5460378716053765,0.4855087642229294
P_LEFT 10k,0.008935894043002834,0.2745862929499422,-0.07646458055002815,0.40104148306431214,0.45857633650910223,0.38628488089074176,0.46828434613658093,0.4677543220063891,0.4735935621573296,1.0,0.9412404346398413,0.9234081833720563,0.05183632949984771,0.12966603156987935,0.04218013784019183,0.6680716914820777,0.6489413644963085,0.5858940523144713
P_LEFT 50k,0.009383116212933139,0.36315689800773837,-0.044801128488016324,0.4017387372868954,0.5429746536067753,0.44793754003521835,0.5383076938488208,0.5843811385427957,0.584244595938234,0.9412404346398413,0.9999999999999998,0.9606569474481252,0.17717706149454668,0.3130847052408031,0.21566679836626676,0.7437626272376676,0.7802817580741889,0.7141527869216093
P_LEFT 80k,-0.053628942243923866,0.2562412516592844,-0.06732061918178366,0.41033546079529604,0.5191245463690375,0.45421341199108145,0.46273177848445135,0.5314588568984543,0.5545920086312942,0.9234081833720563,0.9606569474481252,1.0,0.07710869422357929,0.2132555860464701,0.13696471889158573,0.6584115717308303,0.6932789332975642,0.6438087105925497
P_RIGHT 10k,0.03364831919402768,0.3135263314520539,0.0740894156134141,0.0974164508331866,0.3430948261703458,0.2927789621929894,0.34587389636879595,0.354341040281715,0.384704131292833,0.051836329499847705,0.17717706149454668,0.07710869422357929,1.0,0.9374883024611675,0.9376855305108797,0.6709983263203863,0.6511047385433192,0.6893274948232336
P_RIGHT 50k,-0.01359430395432343,0.3374821145308784,0.0602140596712704,0.17613780743592844,0.4572269833055756,0.3930591570659585,0.39021661826128007,0.45631528784039943,0.4866087345664485,0.12966603156987935,0.3130847052408031,0.2132555860464701,0.9374883024611675,1.0,0.9737071603375993,0.7269209384470515,0.7638140315400347,0.7857897850296364
P_RIGHT 80k,-0.0882651557394636,0.25834970967992266,0.010049444778540794,0.07456311057638755,0.3625293054506904,0.31494713136401953,0.2812877734793538,0.34317186873764916,0.3832482032329045,0.042180137840191825,0.21566679836626676,0.13696471889158573,0.9376855305108796,0.9737071603375993,1.0,0.6850798444849187,0.7160296242286485,0.7709423522978642
P_BOTH 10k,0.018847413700970334,0.4122213950385756,0.02522720526443783,0.2539965468426843,0.47789922254936384,0.38778945055964453,0.5028215069965529,0.5146495461918489,0.5149076647611214,0.6680716914820777,0.7437626272376676,0.6584115717308303,0.6709983263203864,0.7269209384470516,0.6850798444849187,1.0,0.9632315649395603,0.9571980506744466
P_BOTH 50k,-0.006645335918461436,0.42485059178388634,0.010201495964062036,0.2431001732412556,0.5009250257260732,0.39308360633414186,0.5013964408123315,0.5505064001699314,0.5460378716053765,0.6489413644963085,0.7802817580741889,0.6932789332975642,0.6511047385433192,0.7638140315400347,0.7160296242286485,0.9632315649395603,1.0,0.9832180720409199
P_BOTH 80k,-0.0713341896084513,0.36523118657013476,-0.033764711349450305,0.182304972798173,0.4523868367026079,0.3587799671919114,0.4328761431020833,0.4770816115917453,0.4855087642229294,0.5858940523144713,0.7141527869216094,0.6438087105925497,0.6893274948232337,0.7857897850296365,0.7709423522978642,0.9571980506744466,0.98321807204092,1.0
