session,freq_hz,task,image_norm,noise_image_norm_median,image_to_noise_ratio,left_energy_fraction
session-1-20261005-10000Hz-600mV,10000,SMILE_LEFT,3.350839127140046,2.371675287987025,1.4128574616064296,0.7122317714184548
session-1-20261005-10000Hz-600mV,10000,SMILE_RIGHT,4.138768196696879,2.371675287987025,1.7450821441115936,0.1493782025654794
session-1-20261005-10000Hz-600mV,10000,SMILE_BOTH,6.814487756107618,2.371675287987025,2.8732802465094025,0.4541429019187362
session-1-20261005-10000Hz-600mV,10000,PUFF_LEFT,5.368426474447014,2.371675287987025,2.263558802353378,0.884656355399634
session-1-20261005-10000Hz-600mV,10000,PUFF_RIGHT,5.812230834719141,2.371675287987025,2.4506857511899574,0.10072608352237944
session-1-20261005-10000Hz-600mV,10000,PUFF_BOTH,7.438790233651629,2.371675287987025,3.1365129414344706,0.4636089423299952
session-2-20261005-50000Hz-600mV,50000,SMILE_LEFT,4.4896701955696345,2.3979755847321886,1.8722751908548105,0.6755260218271011
session-2-20261005-50000Hz-600mV,50000,SMILE_RIGHT,6.785217552502174,2.3979755847321886,2.829560732687761,0.1603547889603389
session-2-20261005-50000Hz-600mV,50000,SMILE_BOTH,9.12177591244756,2.3979755847321886,3.8039486183785733,0.3503720748171293
session-2-20261005-50000Hz-600mV,50000,PUFF_LEFT,6.084107160762173,2.3979755847321886,2.537184781821563,0.7915643591181617
session-2-20261005-50000Hz-600mV,50000,PUFF_RIGHT,5.636562864098811,2.3979755847321886,2.350550564395473,0.19924253138343406
session-2-20261005-50000Hz-600mV,50000,PUFF_BOTH,8.057536853421606,2.3979755847321886,3.3601413228406534,0.4901751661192626
session-3-20261005-80000Hz-600mV,80000,SMILE_LEFT,4.477618511328181,2.581317355063552,1.7346253464514214,0.6869327459327885
session-3-20261005-80000Hz-600mV,80000,SMILE_RIGHT,5.542827106822142,2.581317355063552,2.1472861893363273,0.13971073395606615
session-3-20261005-80000Hz-600mV,80000,SMILE_BOTH,9.35989837463941,2.581317355063552,3.626016133304527,0.3804011523860563
session-3-20261005-80000Hz-600mV,80000,PUFF_LEFT,5.8653410760741576,2.581317355063552,2.272227808242413,0.8128672468564724
session-3-20261005-80000Hz-600mV,80000,PUFF_RIGHT,6.578215409405872,2.581317355063552,2.548394677819038,0.17989820510160795
session-3-20261005-80000Hz-600mV,80000,PUFF_BOTH,8.405729508035314,2.581317355063552,3.2563719805883244,0.4860620634322995
