task,freq_a_hz,freq_b_hz,image_corr
SMILE_LEFT,10000,50000,0.8627999261978608
SMILE_LEFT,10000,80000,0.9024976416992107
SMILE_LEFT,50000,80000,0.8824800601265946
SMILE_RIGHT,10000,50000,0.9213399918158438
SMILE_RIGHT,10000,80000,0.8922845213175344
SMILE_RIGHT,50000,80000,0.9499328913375181
SMILE_BOTH,10000,50000,0.9451386923872163
SMILE_BOTH,10000,80000,0.9377236320014934
SMILE_BOTH,50000,80000,0.9741594286167755
PUFF_LEFT,10000,50000,0.903969886312189
PUFF_LEFT,10000,80000,0.892331885340635
PUFF_LEFT,50000,80000,0.9531030635811526
PUFF_RIGHT,10000,50000,0.894138163254112
PUFF_RIGHT,10000,80000,0.9080204432473161
PUFF_RIGHT,50000,80000,0.9649436801454181
PUFF_BOTH,10000,50000,0.9294555020391182
PUFF_BOTH,10000,80000,0.9246019467208285
PUFF_BOTH,50000,80000,0.9857099792027889
