session,freq_hz,state,recip_err_median_pct,recip_err_after_fit_pct,dln_gain_vs_rest_pct_L1-L2,dln_gain_vs_rest_pct_L2-L3,dln_gain_vs_rest_pct_L3-L4,dln_gain_vs_rest_pct_L4-L5,dln_gain_vs_rest_pct_L5-L6,dln_gain_vs_rest_pct_L6-L7,dln_gain_vs_rest_pct_L7-L8,dln_gain_vs_rest_pct_L8-R8,dln_gain_vs_rest_pct_R8-R7,dln_gain_vs_rest_pct_R7-R6,dln_gain_vs_rest_pct_R6-R5,dln_gain_vs_rest_pct_R5-R4,dln_gain_vs_rest_pct_R4-R3,dln_gain_vs_rest_pct_R3-R2,dln_gain_vs_rest_pct_R2-R1,dln_gain_vs_rest_pct_R1-L1
session-1-20261005-10000Hz-600mV,10000,REST,17.703920555238874,4.871916839355035,0.0,0.0,0.0,0.0,0.0,0.0,0.0,0.0,0.0,0.0,0.0,0.0,0.0,0.0,0.0,0.0
session-1-20261005-10000Hz-600mV,10000,SMILE_LEFT,18.50387047976954,4.661246297047057,-0.09928148775782894,-0.340545114053592,-0.9576049257438866,-1.3692546075920102,-0.17917423935119303,-0.44470618338363355,-0.5190462285518255,0.09000393894006975,0.6318724708069656,0.44920198727136373,0.6955527487121567,0.8630283966832877,0.313800192646603,0.8023341174349268,0.0638189339385864,-3.083398917940869e-15
session-1-20261005-10000Hz-600mV,10000,SMILE_RIGHT,19.020681374618988,4.453348148500124,-0.5787885750588622,-0.558188096561224,-1.1564275575008005,-1.834671028366344,-0.16647674682718216,-0.34777588367532475,0.004075822156965336,0.37178469383816193,1.1776257112379007,0.2968784290752008,1.079356313683346,0.2939805241744441,-0.06011487139785665,1.0223104413744244,0.45643082384714817,-1.356170589047835e-17
session-1-20261005-10000Hz-600mV,10000,SMILE_BOTH,19.83968424457959,4.709808331967186,-0.41492279327189874,0.5333773269309949,-0.26969376471585593,-1.2484724412069186,0.8320157583434351,-0.2301008300352833,-0.6218923090656248,0.3646975275393177,0.5739294266065453,0.17781223424787884,0.5301510180534695,-0.840709126902417,-0.25142655418659704,0.03946893031473234,0.8257655973482214,-2.1845141475256136e-15
session-1-20261005-10000Hz-600mV,10000,PUFF_LEFT,17.223988839590493,4.272711334965355,0.4383067961001075,-0.07905856296102076,-0.6955200224665253,-0.13292049491741287,-0.2964707480534373,0.07343612679496653,0.08782204595846888,0.8997296350658879,-2.696640759683053,-0.42128614691223365,0.37413924924494435,0.8197249602548542,0.3475360857351298,0.33213437891102193,0.9490674569283319,4.641955340819792e-15
session-1-20261005-10000Hz-600mV,10000,PUFF_RIGHT,20.065457570076422,4.420744204267762,0.5371516688692932,-0.6649152149150489,-0.676032486657429,-1.6453836933491672,-0.20095362683451023,0.7135633500931132,-0.4618915992699729,0.5140014940087506,-1.8648954278092074,0.029858820598607783,1.0511827766510715,-0.05979164406734391,0.9576010336652785,0.5472082157624341,1.2232963332541036,2.0353015981276918e-15
session-1-20261005-10000Hz-600mV,10000,PUFF_BOTH,19.267244692677966,4.1084441879010445,0.7478010668363455,-0.16655746014452022,-0.26194317713369025,-0.8107337650715141,0.33318881987469684,1.0803886840227177,-0.4598782692944531,0.562799609238826,-3.1723356731192904,-1.4565565083020342,0.7184298112232251,1.1920695165351387,0.23357380896631696,0.7436319240833794,0.716121612284859,-4.108949894571058e-15
session-2-20261005-50000Hz-600mV,50000,REST,12.301803186156041,7.203459740197885,0.0,0.0,0.0,0.0,0.0,0.0,0.0,0.0,0.0,0.0,0.0,0.0,0.0,0.0,0.0,0.0
session-2-20261005-50000Hz-600mV,50000,SMILE_LEFT,12.54700526927147,7.541516900927266,0.19595633050200345,0.04160926919492547,0.35935703138298,1.818777326065496,0.4065863328575364,0.7709736063474594,-0.15603038537094355,-0.8985099238861025,0.34972024672077356,-0.17983671756899022,-0.29829745177726363,-0.38619109024295994,-0.39046433863229935,-0.3988287756429315,-0.5612551896326827,-0.673566270316972
session-2-20261005-50000Hz-600mV,50000,SMILE_RIGHT,11.497990880872324,7.512047436205243,0.02715273958314307,-0.4903111979905367,0.6262973392022336,-0.3986126676601004,-0.5044774101444965,-0.30243004549188723,-0.4109423102154161,-0.546276377071099,-0.6541673154370251,-1.6681994451076125,-0.19227922774783177,-0.7761751757105667,-0.5781534653012267,0.1862222296557886,0.34821562327738764,5.334136706159221
session-2-20261005-50000Hz-600mV,50000,SMILE_BOTH,11.919354959653695,7.636321527077798,-0.9846739527686589,-0.2982890443657668,0.05427810831827168,1.9299767996175832,0.2081475398073629,0.9721821715298168,-0.9072748019029908,-1.5970116246435184,0.6547507806551875,-2.3120985895266983,-0.23137953397154506,-1.9367879460178983,-0.7367970533425937,-0.6651279145837657,0.013232818087747372,5.836872243107538
session-2-20261005-50000Hz-600mV,50000,PUFF_LEFT,11.932181308558471,7.629647050575894,0.06973218533771336,-1.0539667236836943,0.31500455664114774,-0.36813805821682977,-0.21617115504188877,-0.26629067380646565,-0.27355670197620197,0.22337487466365935,-2.599274142369613,0.7520252802236504,-0.16812316458538965,0.19268690444361886,-0.5701471990633679,0.23914273828729016,-0.39212584112605486,4.115827120272419
session-2-20261005-50000Hz-600mV,50000,PUFF_RIGHT,11.143967046275206,7.448346253989023,-0.301257186555106,-1.209820838628152,-0.3803648005612406,-0.5326846248994294,-0.1238390009538487,-0.44008659902227876,0.8076111820878709,-0.03797696997885208,-0.9690704015529226,-1.4286623120344955,0.779937861381303,0.0706943809070798,0.23866229701938677,0.7761308430368291,-0.49086576604273396,3.2415919357965617
session-2-20261005-50000Hz-600mV,50000,PUFF_BOTH,11.247031897159658,7.526736481151736,0.43672745747913577,-1.2154419025355203,0.5901904931240556,-0.19807860775771235,-0.06149748366161001,0.30801487109889064,-0.8850102228841333,0.4279072757752356,-2.6574473622190378,-1.1143614214273512,0.5006896948150729,0.6691127407722292,0.14535652496280652,0.7144850067460545,0.022427131571479443,2.316925804140424
session-3-20261005-80000Hz-600mV,80000,REST,13.386856269941767,8.881979175651852,0.0,0.0,0.0,0.0,0.0,0.0,0.0,0.0,0.0,0.0,0.0,0.0,0.0,0.0,0.0,0.0
session-3-20261005-80000Hz-600mV,80000,SMILE_LEFT,13.40123629142433,8.933877475808428,-0.05496901386911682,-0.5538181284142824,-0.4179258745653294,0.5899195799811824,0.15681555337757197,0.09670959431061515,-0.5621848227763613,-1.438719796587823,0.19633476446684894,-1.3467231910950617,-0.2629322878322744,-0.5054178878761404,0.17445624895610634,-0.14338534292481775,0.01640608956252204,4.055434515286372
session-3-20261005-80000Hz-600mV,80000,SMILE_RIGHT,13.120260137173348,9.508397390716068,0.08517337643995995,-0.6639413046703874,-0.03457112725150924,-0.18150243238850283,-0.5963384480453817,-0.6937330162909152,-0.9435550569682732,-1.1262164992751234,-0.9411146890520319,-2.3407026808344584,-0.3022389965796596,0.46984060759270446,-0.3544791281237698,0.7751066463060674,0.13583503697580657,6.7124377121654755
session-3-20261005-80000Hz-600mV,80000,SMILE_BOTH,12.769256192209575,9.186462247831301,-1.0378432060505212,-0.023631412160435294,-1.5335712606429825,1.669816416204148,-0.15866341086406277,-0.11868476371995791,-2.481623628614704,-2.1799024175342296,0.11206860013918685,-4.159095629696521,-0.09791831886267546,-1.299027492706878,-0.3600129816227059,-0.6385869431443786,0.08200693880312249,12.224669510473618
session-3-20261005-80000Hz-600mV,80000,PUFF_LEFT,12.496560511992756,8.546223646154964,0.5399488727499617,-0.3337201670734327,0.16707449731857976,0.39516950872290624,0.028582026400141014,-0.3042801205210528,-0.21848962044290765,-0.5967485791265437,-3.3658142044980113,-0.06336222822744542,-0.7553022532948147,-0.22396097817017763,-1.0645318624296054,-0.22712624157324723,-0.8831884183827493,6.905749768548375
session-3-20261005-80000Hz-600mV,80000,PUFF_RIGHT,11.373922194221613,8.952744823037314,0.3778651139607424,-0.7347392683699758,-0.10378253013968441,-0.1638993324996868,-0.2143873349703007,-0.8228716627292663,1.8095191044526184,-1.704703970268233,-1.739251689958872,-2.804041832986322,0.011486313390240976,-0.40204407998518654,0.06769539548321518,0.49403731440309795,-0.04443798710954752,5.9735564473271445
session-3-20261005-80000Hz-600mV,80000,PUFF_BOTH,12.877421960173072,8.929462521507872,0.25983442882735325,-0.12593201653165187,-0.3213013147618973,1.1299131182057331,-0.13880402871547098,-0.19019376723590792,0.2838055428623004,-0.6850468194365772,-2.51446214000465,-2.690195265853401,0.012008787981615532,-0.11067427545937286,-0.27656590277588544,0.025947321655003797,-0.2876288178252272,5.629295149068048
